Time, Rain(mm), Latitude, 23.796, Longitude, 90.423,
CCS_1d20160101, 0.000
CCS_1d20160102, 0.000
CCS_1d20160103, 0.000
CCS_1d20160104, 0.000
CCS_1d20160105, 0.000
CCS_1d20160106, 0.000
CCS_1d20160107, 0.000
CCS_1d20160108, 0.000
CCS_1d20160109, 0.000
CCS_1d20160110, 0.000
CCS_1d20160111, 0.000
CCS_1d20160112, 0.000
CCS_1d20160113, 1.000
CCS_1d20160114, 0.000
CCS_1d20160115, 0.000
CCS_1d20160116, 0.000
CCS_1d20160117, 0.000
CCS_1d20160118, 0.000
CCS_1d20160119, 0.000
CCS_1d20160120, 0.000
CCS_1d20160121, 0.000
CCS_1d20160122, 0.000
CCS_1d20160123, 0.000
CCS_1d20160124, 0.000
CCS_1d20160125, 0.000
CCS_1d20160126, 0.000
CCS_1d20160127, 0.000
CCS_1d20160128, 0.000
CCS_1d20160129, 0.000
CCS_1d20160130, 0.000
CCS_1d20160131, 0.000
CCS_1d20160201, 0.000
CCS_1d20160202, 0.000
CCS_1d20160203, 0.000
CCS_1d20160204, 0.000
CCS_1d20160205, 0.000
CCS_1d20160206, 0.000
CCS_1d20160207, 0.000
CCS_1d20160208, 0.000
CCS_1d20160209, 0.000
CCS_1d20160210, 0.000
CCS_1d20160211, 0.000
CCS_1d20160212, 0.000
CCS_1d20160213, 0.000
CCS_1d20160214, 0.000
CCS_1d20160215, 0.000
CCS_1d20160216, 0.000
CCS_1d20160217, 0.000
CCS_1d20160218, 0.000
CCS_1d20160219, 0.000
CCS_1d20160220, 0.000
CCS_1d20160221, 0.000
CCS_1d20160222, 0.000
CCS_1d20160223, 0.000
CCS_1d20160224, 1.000
CCS_1d20160225, 0.000
CCS_1d20160226, 1.000
CCS_1d20160227, 0.000
CCS_1d20160228, 0.000
CCS_1d20160229, 0.000
CCS_1d20160301, 0.000
CCS_1d20160302, 0.000
CCS_1d20160303, 0.000
CCS_1d20160304, 0.000
CCS_1d20160305, 0.000
CCS_1d20160306, 2.000
CCS_1d20160307, 0.000
CCS_1d20160308, 0.000
CCS_1d20160309, 0.000
CCS_1d20160310, 1.000
CCS_1d20160311, 0.000
CCS_1d20160312, 0.000
CCS_1d20160313, 0.000
CCS_1d20160314, 0.000
CCS_1d20160315, 0.000
CCS_1d20160316, 0.000
CCS_1d20160317, 0.000
CCS_1d20160318, 1.000
CCS_1d20160319, 0.000
CCS_1d20160320, 0.000
CCS_1d20160321, 0.000
CCS_1d20160322, 0.000
CCS_1d20160323, 0.000
CCS_1d20160324, 0.000
CCS_1d20160325, 0.000
CCS_1d20160326, 0.000
CCS_1d20160327, 0.000
CCS_1d20160328, 3.000
CCS_1d20160329, 29.000
CCS_1d20160330, 31.000
CCS_1d20160331, 13.000
CCS_1d20160401, 0.000
CCS_1d20160402, 2.000
CCS_1d20160403, 34.000
CCS_1d20160404, 0.000
CCS_1d20160405, 6.000
CCS_1d20160406, 0.000
CCS_1d20160407, 0.000
CCS_1d20160408, 0.000
CCS_1d20160409, 0.000
CCS_1d20160410, 0.000
CCS_1d20160411, 0.000
CCS_1d20160412, 0.000
CCS_1d20160413, 0.000
CCS_1d20160414, 0.000
CCS_1d20160415, 0.000
CCS_1d20160416, 29.000
CCS_1d20160417, 0.000
CCS_1d20160418, 0.000
CCS_1d20160419, 0.000
CCS_1d20160420, 0.000
CCS_1d20160421, 0.000
CCS_1d20160422, 0.000
CCS_1d20160423, 0.000
CCS_1d20160424, 0.000
CCS_1d20160425, 0.000
CCS_1d20160426, 0.000
CCS_1d20160427, 0.000
CCS_1d20160428, 0.000
CCS_1d20160429, 0.000
CCS_1d20160430, 0.000
CCS_1d20160501, 3.000
CCS_1d20160502, 0.000
CCS_1d20160503, 0.000
CCS_1d20160504, 0.000
CCS_1d20160505, 0.000
CCS_1d20160506, 0.000
CCS_1d20160507, 24.000
CCS_1d20160508, 1.000
CCS_1d20160509, 0.000
CCS_1d20160510, 0.000
CCS_1d20160511, 0.000
CCS_1d20160512, 12.000
CCS_1d20160513, 8.000
CCS_1d20160514, 3.000
CCS_1d20160515, 6.000
CCS_1d20160516, 0.000
CCS_1d20160517, 0.000
CCS_1d20160518, 3.000
CCS_1d20160519, 5.000
CCS_1d20160520, 41.000
CCS_1d20160521, 9.000
CCS_1d20160522, 0.000
CCS_1d20160523, 0.000
CCS_1d20160524, 11.000
CCS_1d20160525, 0.000
CCS_1d20160526, 0.000
CCS_1d20160527, 0.000
CCS_1d20160528, 17.000
CCS_1d20160529, 0.000
CCS_1d20160530, 5.000
CCS_1d20160531, 1.000
CCS_1d20160601, 0.000
CCS_1d20160602, 0.000
CCS_1d20160603, 0.000
CCS_1d20160604, 0.000
CCS_1d20160605, 0.000
CCS_1d20160606, 13.000
CCS_1d20160607, 29.000
CCS_1d20160608, 1.000
CCS_1d20160609, 3.000
CCS_1d20160610, 0.000
CCS_1d20160611, 81.000
CCS_1d20160612, 17.000
CCS_1d20160613, 0.000
CCS_1d20160614, 2.000
CCS_1d20160615, 0.000
CCS_1d20160616, 5.000
CCS_1d20160617, 7.000
CCS_1d20160618, 0.000
CCS_1d20160619, 0.000
CCS_1d20160620, 3.000
CCS_1d20160621, 6.000
CCS_1d20160622, 22.000
CCS_1d20160623, 8.000
CCS_1d20160624, 1.000
CCS_1d20160625, 1.000
CCS_1d20160626, 44.000
CCS_1d20160627, 18.000
CCS_1d20160628, 17.000
CCS_1d20160629, 1.000
CCS_1d20160630, 5.000
CCS_1d20160701, 3.000
CCS_1d20160702, 8.000
CCS_1d20160703, 1.000
CCS_1d20160704, 2.000
CCS_1d20160705, 3.000
CCS_1d20160706, 4.000
CCS_1d20160707, 18.000
CCS_1d20160708, 34.000
CCS_1d20160709, 15.000
CCS_1d20160710, 0.000
CCS_1d20160711, 0.000
CCS_1d20160712, 0.000
CCS_1d20160713, 0.000
CCS_1d20160714, 0.000
CCS_1d20160715, 11.000
CCS_1d20160716, 32.000
CCS_1d20160717, 0.000
CCS_1d20160718, 2.000
CCS_1d20160719, 5.000
CCS_1d20160720, 1.000
CCS_1d20160721, 0.000
CCS_1d20160722, 5.000
CCS_1d20160723, 1.000
CCS_1d20160724, 7.000
CCS_1d20160725, 14.000
CCS_1d20160726, 0.000
CCS_1d20160727, 1.000
CCS_1d20160728, 6.000
CCS_1d20160729, 21.000
CCS_1d20160730, 20.000
CCS_1d20160731, 2.000
CCS_1d20160801, 27.000
CCS_1d20160802, 0.000
CCS_1d20160803, 1.000
CCS_1d20160804, 1.000
CCS_1d20160805, 3.000
CCS_1d20160806, 0.000
CCS_1d20160807, 1.000
CCS_1d20160808, 3.000
CCS_1d20160809, 0.000
CCS_1d20160810, 1.000
CCS_1d20160811, 1.000
CCS_1d20160812, 0.000
CCS_1d20160813, 1.000
CCS_1d20160814, 3.000
CCS_1d20160815, 23.000
CCS_1d20160816, 26.000
CCS_1d20160817, 2.000
CCS_1d20160818, 3.000
CCS_1d20160819, 0.000
CCS_1d20160820, 49.000
CCS_1d20160821, 39.000
CCS_1d20160822, 0.000
CCS_1d20160823, 0.000
CCS_1d20160824, 0.000
CCS_1d20160825, 34.000
CCS_1d20160826, 0.000
CCS_1d20160827, 1.000
CCS_1d20160828, 13.000
CCS_1d20160829, 0.000
CCS_1d20160830, 0.000
CCS_1d20160831, 0.000
CCS_1d20160901, 35.000
CCS_1d20160902, 15.000
CCS_1d20160903, 3.000
CCS_1d20160904, 0.000
CCS_1d20160905, 0.000
CCS_1d20160906, 0.000
CCS_1d20160907, 0.000
CCS_1d20160908, 0.000
CCS_1d20160909, 0.000
CCS_1d20160910, 1.000
CCS_1d20160911, 5.000
CCS_1d20160912, 10.000
CCS_1d20160913, 29.000
CCS_1d20160914, 0.000
CCS_1d20160915, 0.000
CCS_1d20160916, 4.000
CCS_1d20160917, 12.000
CCS_1d20160918, 0.000
CCS_1d20160919, 24.000
CCS_1d20160920, 21.000
CCS_1d20160921, 5.000
CCS_1d20160922, 1.000
CCS_1d20160923, 0.000
CCS_1d20160924, 30.000
CCS_1d20160925, 4.000
CCS_1d20160926, 21.000
CCS_1d20160927, 0.000
CCS_1d20160928, 5.000
CCS_1d20160929, 0.000
CCS_1d20160930, 13.000
CCS_1d20161001, 5.000
CCS_1d20161002, 1.000
CCS_1d20161003, 1.000
CCS_1d20161004, 13.000
CCS_1d20161005, 26.000
CCS_1d20161006, 0.000
CCS_1d20161007, 8.000
CCS_1d20161008, 2.000
CCS_1d20161009, 1.000
CCS_1d20161010, 1.000
CCS_1d20161011, 0.000
CCS_1d20161012, 1.000
CCS_1d20161013, 0.000
CCS_1d20161014, 0.000
CCS_1d20161015, 0.000
CCS_1d20161016, 0.000
CCS_1d20161017, 0.000
CCS_1d20161018, 0.000
CCS_1d20161019, 0.000
CCS_1d20161020, 0.000
CCS_1d20161021, 0.000
CCS_1d20161022, 0.000
CCS_1d20161023, 0.000
CCS_1d20161024, 7.000
CCS_1d20161025, 0.000
CCS_1d20161026, 0.000
CCS_1d20161027, 3.000
CCS_1d20161028, 1.000
CCS_1d20161029, 0.000
CCS_1d20161030, 0.000
CCS_1d20161031, 0.000
CCS_1d20161101, 0.000
CCS_1d20161102, 0.000
CCS_1d20161103, 2.000
CCS_1d20161104, 13.000
CCS_1d20161105, 0.000
CCS_1d20161106, 0.000
CCS_1d20161107, 0.000
CCS_1d20161108, 0.000
CCS_1d20161109, 0.000
CCS_1d20161110, 0.000
CCS_1d20161111, 0.000
CCS_1d20161112, 0.000
CCS_1d20161113, 0.000
CCS_1d20161114, 0.000
CCS_1d20161115, 0.000
CCS_1d20161116, 0.000
CCS_1d20161117, 0.000
CCS_1d20161118, 0.000
CCS_1d20161119, 0.000
CCS_1d20161120, 0.000
CCS_1d20161121, 0.000
CCS_1d20161122, 0.000
CCS_1d20161123, 0.000
CCS_1d20161124, 0.000
CCS_1d20161125, 0.000
CCS_1d20161126, 0.000
CCS_1d20161127, 0.000
CCS_1d20161128, 0.000
CCS_1d20161129, 0.000
CCS_1d20161130, 0.000
CCS_1d20161201, 0.000
CCS_1d20161202, 0.000
CCS_1d20161203, 0.000
CCS_1d20161204, 0.000
CCS_1d20161205, 0.000
CCS_1d20161206, 0.000
CCS_1d20161207, 0.000
CCS_1d20161208, 0.000
CCS_1d20161209, 0.000
CCS_1d20161210, 0.000
CCS_1d20161211, 0.000
CCS_1d20161212, 0.000
CCS_1d20161213, 0.000
CCS_1d20161214, 0.000
CCS_1d20161215, 0.000
CCS_1d20161216, 0.000
CCS_1d20161217, 0.000
CCS_1d20161218, 0.000
CCS_1d20161219, 0.000
CCS_1d20161220, 0.000
CCS_1d20161221, 0.000
CCS_1d20161222, 0.000
CCS_1d20161223, 0.000
CCS_1d20161224, 0.000
CCS_1d20161225, 0.000
CCS_1d20161226, 0.000
CCS_1d20161227, 0.000
CCS_1d20161228, 0.000
CCS_1d20161229, 0.000
CCS_1d20161230, 0.000
CCS_1d20161231, 0.000
CCS_1d20170101, 0.000
CCS_1d20170102, 0.000
CCS_1d20170103, 0.000
CCS_1d20170104, 0.000
CCS_1d20170105, 0.000
CCS_1d20170106, 0.000
CCS_1d20170107, 0.000
CCS_1d20170108, 0.000
CCS_1d20170109, 0.000
CCS_1d20170110, 0.000
CCS_1d20170111, 0.000
CCS_1d20170112, 0.000
CCS_1d20170113, 0.000
CCS_1d20170114, 0.000
CCS_1d20170115, 0.000
CCS_1d20170116, 0.000
CCS_1d20170117, 0.000
CCS_1d20170118, 0.000
CCS_1d20170119, 0.000
CCS_1d20170120, 0.000
CCS_1d20170121, 0.000
CCS_1d20170122, 0.000
CCS_1d20170123, 0.000
CCS_1d20170124, 0.000
CCS_1d20170125, 0.000
CCS_1d20170126, 0.000
CCS_1d20170127, 1.000
CCS_1d20170128, 0.000
CCS_1d20170129, 0.000
CCS_1d20170130, 0.000
CCS_1d20170131, 0.000
CCS_1d20170201, 0.000
CCS_1d20170202, 0.000
CCS_1d20170203, 0.000
CCS_1d20170204, 0.000
CCS_1d20170205, 0.000
CCS_1d20170206, 0.000
CCS_1d20170207, 0.000
CCS_1d20170208, 0.000
CCS_1d20170209, 0.000
CCS_1d20170210, 0.000
CCS_1d20170211, 0.000
CCS_1d20170212, 0.000
CCS_1d20170213, 0.000
CCS_1d20170214, 0.000
CCS_1d20170215, 0.000
CCS_1d20170216, 0.000
CCS_1d20170217, 0.000
CCS_1d20170218, 0.000
CCS_1d20170219, 0.000
CCS_1d20170220, 0.000
CCS_1d20170221, 0.000
CCS_1d20170222, 0.000
CCS_1d20170223, 0.000
CCS_1d20170224, 0.000
CCS_1d20170225, 0.000
CCS_1d20170226, 0.000
CCS_1d20170227, 0.000
CCS_1d20170228, 0.000
CCS_1d20170301, 0.000
CCS_1d20170302, 0.000
CCS_1d20170303, 0.000
CCS_1d20170304, 0.000
CCS_1d20170305, 0.000
CCS_1d20170306, 0.000
CCS_1d20170307, 0.000
CCS_1d20170308, 0.000
CCS_1d20170309, 0.000
CCS_1d20170310, 5.000
CCS_1d20170311, 0.000
CCS_1d20170312, 0.000
CCS_1d20170313, 0.000
CCS_1d20170314, 0.000
CCS_1d20170315, 0.000
CCS_1d20170316, 0.000
CCS_1d20170317, 0.000
CCS_1d20170318, 2.000
CCS_1d20170319, 0.000
CCS_1d20170320, 0.000
CCS_1d20170321, 0.000
CCS_1d20170322, 0.000
CCS_1d20170323, 0.000
CCS_1d20170324, 0.000
CCS_1d20170325, 0.000
CCS_1d20170326, 0.000
CCS_1d20170327, 0.000
CCS_1d20170328, 1.000
CCS_1d20170329, 1.000
CCS_1d20170330, 0.000
CCS_1d20170331, 0.000
CCS_1d20170401, 0.000
CCS_1d20170402, 0.000
CCS_1d20170403, 7.000
CCS_1d20170404, 0.000
CCS_1d20170405, 25.000
CCS_1d20170406, 0.000
CCS_1d20170407, 2.000
CCS_1d20170408, 0.000
CCS_1d20170409, 0.000
CCS_1d20170410, 0.000
CCS_1d20170411, 0.000
CCS_1d20170412, 0.000
CCS_1d20170413, 0.000
CCS_1d20170414, 0.000
CCS_1d20170415, 1.000
CCS_1d20170416, 0.000
CCS_1d20170417, 0.000
CCS_1d20170418, 5.000
CCS_1d20170419, 47.000
CCS_1d20170420, 0.000
CCS_1d20170421, 5.000
CCS_1d20170422, 24.000
CCS_1d20170423, 1.000
CCS_1d20170424, 4.000
CCS_1d20170425, 21.000
CCS_1d20170426, 0.000
CCS_1d20170427, 1.000
CCS_1d20170428, 0.000
CCS_1d20170429, 0.000
CCS_1d20170430, 0.000
CCS_1d20170501, 4.000
CCS_1d20170502, 0.000
CCS_1d20170503, 0.000
CCS_1d20170504, 0.000
CCS_1d20170505, 7.000
CCS_1d20170506, 7.000
CCS_1d20170507, 0.000
CCS_1d20170508, 0.000
CCS_1d20170509, 1.000
CCS_1d20170510, 0.000
CCS_1d20170511, 0.000
CCS_1d20170512, 0.000
CCS_1d20170513, 3.000
CCS_1d20170514, 0.000
CCS_1d20170515, 75.000
CCS_1d20170516, 4.000
CCS_1d20170517, 12.000
CCS_1d20170518, 3.000
CCS_1d20170519, 6.000
CCS_1d20170520, 0.000
CCS_1d20170521, 0.000
CCS_1d20170522, 0.000
CCS_1d20170523, 0.000
CCS_1d20170524, 0.000
CCS_1d20170525, 0.000
CCS_1d20170526, 2.000
CCS_1d20170527, 0.000
CCS_1d20170528, 0.000
CCS_1d20170529, 15.000
CCS_1d20170530, 11.000
CCS_1d20170531, 11.000
CCS_1d20170601, 101.000
CCS_1d20170602, 1.000
CCS_1d20170603, 0.000
CCS_1d20170604, 0.000
CCS_1d20170605, 50.000
CCS_1d20170606, 0.000
CCS_1d20170607, 0.000
CCS_1d20170608, 30.000
CCS_1d20170609, 20.000
CCS_1d20170610, 9.000
CCS_1d20170611, 19.000
CCS_1d20170612, 24.000
CCS_1d20170613, 9.000
CCS_1d20170614, 27.000
CCS_1d20170615, 0.000
CCS_1d20170616, 22.000
CCS_1d20170617, 35.000
CCS_1d20170618, 63.000
CCS_1d20170619, 46.000
CCS_1d20170620, 0.000
CCS_1d20170621, 0.000
CCS_1d20170622, 2.000
CCS_1d20170623, 0.000
CCS_1d20170624, 7.000
CCS_1d20170625, 0.000
CCS_1d20170626, 9.000
CCS_1d20170627, 2.000
CCS_1d20170628, 3.000
CCS_1d20170629, 1.000
CCS_1d20170630, 17.000
CCS_1d20170701, 1.000
CCS_1d20170702, 10.000
CCS_1d20170703, 29.000
CCS_1d20170704, 21.000
CCS_1d20170705, 2.000
CCS_1d20170706, 1.000
CCS_1d20170707, 0.000
CCS_1d20170708, 7.000
CCS_1d20170709, 10.000
CCS_1d20170710, 4.000
CCS_1d20170711, 15.000
CCS_1d20170712, 5.000
CCS_1d20170713, 1.000
CCS_1d20170714, 1.000
CCS_1d20170715, 4.000
CCS_1d20170716, 2.000
CCS_1d20170717, 37.000
CCS_1d20170718, 3.000
CCS_1d20170719, 2.000
CCS_1d20170720, 23.000
CCS_1d20170721, 9.000
CCS_1d20170722, 5.000
CCS_1d20170723, 0.000
CCS_1d20170724, 14.000
CCS_1d20170725, 4.000
CCS_1d20170726, 5.000
CCS_1d20170727, 1.000
CCS_1d20170728, 0.000
CCS_1d20170729, 6.000
CCS_1d20170730, 0.000
CCS_1d20170731, 0.000
CCS_1d20170801, 1.000
CCS_1d20170802, 8.000
CCS_1d20170803, 14.000
CCS_1d20170804, 46.000
CCS_1d20170805, 11.000
CCS_1d20170806, 1.000
CCS_1d20170807, 0.000
CCS_1d20170808, 1.000
CCS_1d20170809, 0.000
CCS_1d20170810, 41.000
CCS_1d20170811, 107.000
CCS_1d20170812, 19.000
CCS_1d20170813, 2.000
CCS_1d20170814, 6.000
CCS_1d20170815, 22.000
CCS_1d20170816, 5.000
CCS_1d20170817, 19.000
CCS_1d20170818, 11.000
CCS_1d20170819, 12.000
CCS_1d20170820, 2.000
CCS_1d20170821, 11.000
CCS_1d20170822, 6.000
CCS_1d20170823, 1.000
CCS_1d20170824, 0.000
CCS_1d20170825, 7.000
CCS_1d20170826, 11.000
CCS_1d20170827, 27.000
CCS_1d20170828, 0.000
CCS_1d20170829, 1.000
CCS_1d20170830, 10.000
CCS_1d20170831, 22.000
CCS_1d20170901, 0.000
CCS_1d20170902, 4.000
CCS_1d20170903, 33.000
CCS_1d20170904, 17.000
CCS_1d20170905, 22.000
CCS_1d20170906, 14.000
CCS_1d20170907, 16.000
CCS_1d20170908, 3.000
CCS_1d20170909, 1.000
CCS_1d20170910, 27.000
CCS_1d20170911, 45.000
CCS_1d20170912, 1.000
CCS_1d20170913, 12.000
CCS_1d20170914, 0.000
CCS_1d20170915, 0.000
CCS_1d20170916, 2.000
CCS_1d20170917, 5.000
CCS_1d20170918, 55.000
CCS_1d20170919, 15.000
CCS_1d20170920, 1.000
CCS_1d20170921, 1.000
CCS_1d20170922, 0.000
CCS_1d20170923, 0.000
CCS_1d20170924, 1.000
CCS_1d20170925, 10.000
CCS_1d20170926, 1.000
CCS_1d20170927, 46.000
CCS_1d20170928, 105.000
CCS_1d20170929, 31.000
CCS_1d20170930, 24.000
CCS_1d20171001, 8.000
CCS_1d20171002, 2.000
CCS_1d20171003, 0.000
CCS_1d20171004, 1.000
CCS_1d20171005, 20.000
CCS_1d20171006, 53.000
CCS_1d20171007, 3.000
CCS_1d20171008, 1.000
CCS_1d20171009, 1.000
CCS_1d20171010, 0.000
CCS_1d20171011, 0.000
CCS_1d20171012, 1.000
CCS_1d20171013, 0.000
CCS_1d20171014, 5.000
CCS_1d20171015, 0.000
CCS_1d20171016, 0.000
CCS_1d20171017, 0.000
CCS_1d20171018, 1.000
CCS_1d20171019, 24.000
CCS_1d20171020, 20.000
CCS_1d20171021, 43.000
CCS_1d20171022, 0.000
CCS_1d20171023, 0.000
CCS_1d20171024, 1.000
CCS_1d20171025, 0.000
CCS_1d20171026, 0.000
CCS_1d20171027, 0.000
CCS_1d20171028, 0.000
CCS_1d20171029, 0.000
CCS_1d20171030, 0.000
CCS_1d20171031, 0.000
CCS_1d20171101, 0.000
CCS_1d20171102, 0.000
CCS_1d20171103, 0.000
CCS_1d20171104, 0.000
CCS_1d20171105, 0.000
CCS_1d20171106, 0.000
CCS_1d20171107, 0.000
CCS_1d20171108, 0.000
CCS_1d20171109, 0.000
CCS_1d20171110, 0.000
CCS_1d20171111, 0.000
CCS_1d20171112, 22.000
CCS_1d20171113, 1.000
CCS_1d20171114, 1.000
CCS_1d20171115, 13.000
CCS_1d20171116, 1.000
CCS_1d20171117, 0.000
CCS_1d20171118, 0.000
CCS_1d20171119, 0.000
CCS_1d20171120, 0.000
CCS_1d20171121, 0.000
CCS_1d20171122, 0.000
CCS_1d20171123, 0.000
CCS_1d20171124, 0.000
CCS_1d20171125, 0.000
CCS_1d20171126, 0.000
CCS_1d20171127, 0.000
CCS_1d20171128, 0.000
CCS_1d20171129, 0.000
CCS_1d20171130, 0.000
CCS_1d20171201, 0.000
CCS_1d20171202, 0.000
CCS_1d20171203, 0.000
CCS_1d20171204, 0.000
CCS_1d20171205, 0.000
CCS_1d20171206, 0.000
CCS_1d20171207, 0.000
CCS_1d20171208, 0.000
CCS_1d20171209, 0.000
CCS_1d20171210, 0.000
CCS_1d20171211, 0.000
CCS_1d20171212, 0.000
CCS_1d20171213, 0.000
CCS_1d20171214, 0.000
CCS_1d20171215, 0.000
CCS_1d20171216, 0.000
CCS_1d20171217, 0.000
CCS_1d20171218, 0.000
CCS_1d20171219, 0.000
CCS_1d20171220, 0.000
CCS_1d20171221, 0.000
CCS_1d20171222, 0.000
CCS_1d20171223, 0.000
CCS_1d20171224, 0.000
CCS_1d20171225, 0.000
CCS_1d20171226, 0.000
CCS_1d20171227, 0.000
CCS_1d20171228, 0.000
CCS_1d20171229, 0.000
CCS_1d20171230, 0.000
CCS_1d20171231, 0.000
CCS_1d20180101, 5.000
CCS_1d20180102, 0.000
CCS_1d20180103, 0.000
CCS_1d20180104, 0.000
CCS_1d20180105, 0.000
CCS_1d20180106, 0.000
CCS_1d20180107, 0.000
CCS_1d20180108, 0.000
CCS_1d20180109, 0.000
CCS_1d20180110, 0.000
CCS_1d20180111, 0.000
CCS_1d20180112, 0.000
CCS_1d20180113, 0.000
CCS_1d20180114, 0.000
CCS_1d20180115, 0.000
CCS_1d20180116, 0.000
CCS_1d20180117, 0.000
CCS_1d20180118, 0.000
CCS_1d20180119, 0.000
CCS_1d20180120, 0.000
CCS_1d20180121, 0.000
CCS_1d20180122, 0.000
CCS_1d20180123, 0.000
CCS_1d20180124, 0.000
CCS_1d20180125, 0.000
CCS_1d20180126, 0.000
CCS_1d20180127, 0.000
CCS_1d20180128, 0.000
CCS_1d20180129, 0.000
CCS_1d20180130, 0.000
CCS_1d20180131, 0.000
CCS_1d20180201, 0.000
CCS_1d20180202, 0.000
CCS_1d20180203, 0.000
CCS_1d20180204, 0.000
CCS_1d20180205, 0.000
CCS_1d20180206, 0.000
CCS_1d20180207, 0.000
CCS_1d20180208, 1.000
CCS_1d20180209, 1.000
CCS_1d20180210, 0.000
CCS_1d20180211, 0.000
CCS_1d20180212, 0.000
CCS_1d20180213, 0.000
CCS_1d20180214, 0.000
CCS_1d20180215, 0.000
CCS_1d20180216, 0.000
CCS_1d20180217, 0.000
CCS_1d20180218, 0.000
CCS_1d20180219, 0.000
CCS_1d20180220, 2.000
CCS_1d20180221, 0.000
CCS_1d20180222, 0.000
CCS_1d20180223, 0.000
CCS_1d20180224, 0.000
CCS_1d20180225, 1.000
CCS_1d20180226, 0.000
CCS_1d20180227, 0.000
CCS_1d20180228, 0.000
CCS_1d20180301, 0.000
CCS_1d20180302, 0.000
CCS_1d20180303, 0.000
CCS_1d20180304, 0.000
CCS_1d20180305, 0.000
CCS_1d20180306, 0.000
CCS_1d20180307, 0.000
CCS_1d20180308, 0.000
CCS_1d20180309, 0.000
CCS_1d20180310, 0.000
CCS_1d20180311, 0.000
CCS_1d20180312, 0.000
CCS_1d20180313, 0.000
CCS_1d20180314, 0.000
CCS_1d20180315, 0.000
CCS_1d20180316, 1.000
CCS_1d20180317, 0.000
CCS_1d20180318, 0.000
CCS_1d20180319, 0.000
CCS_1d20180320, 0.000
CCS_1d20180321, 0.000
CCS_1d20180322, 0.000
CCS_1d20180323, 0.000
CCS_1d20180324, 0.000
CCS_1d20180325, 2.000
CCS_1d20180326, 0.000
CCS_1d20180327, 0.000
CCS_1d20180328, 0.000
CCS_1d20180329, 0.000
CCS_1d20180330, 10.000
CCS_1d20180331, 6.000
CCS_1d20180401, 1.000
CCS_1d20180402, 6.000
CCS_1d20180403, 0.000
CCS_1d20180404, 0.000
CCS_1d20180405, 0.000
CCS_1d20180406, 9.000
CCS_1d20180407, 11.000
CCS_1d20180408, 0.000
CCS_1d20180409, 1.000
CCS_1d20180410, 0.000
CCS_1d20180411, 7.000
CCS_1d20180412, 0.000
CCS_1d20180413, 0.000
CCS_1d20180414, 16.000
CCS_1d20180415, 0.000
CCS_1d20180416, 2.000
CCS_1d20180417, 5.000
CCS_1d20180418, 1.000
CCS_1d20180419, 11.000
CCS_1d20180420, 44.000
CCS_1d20180421, 9.000
CCS_1d20180422, 10.000
CCS_1d20180423, 0.000
CCS_1d20180424, 0.000
CCS_1d20180425, 0.000
CCS_1d20180426, 3.000
CCS_1d20180427, 0.000
CCS_1d20180428, 0.000
CCS_1d20180429, 10.000
CCS_1d20180430, 4.000
CCS_1d20180501, 0.000
CCS_1d20180502, 1.000
CCS_1d20180503, 0.000
CCS_1d20180504, 1.000
CCS_1d20180505, 105.000
CCS_1d20180506, 22.000
CCS_1d20180507, 1.000
CCS_1d20180508, 1.000
CCS_1d20180509, 1.000
CCS_1d20180510, 1.000
CCS_1d20180511, 5.000
CCS_1d20180512, 0.000
CCS_1d20180513, 3.000
CCS_1d20180514, 1.000
CCS_1d20180515, 0.000
CCS_1d20180516, 0.000
CCS_1d20180517, 0.000
CCS_1d20180518, 0.000
CCS_1d20180519, 5.000
CCS_1d20180520, 10.000
CCS_1d20180521, 24.000
CCS_1d20180522, 13.000
CCS_1d20180523, 1.000
CCS_1d20180524, 1.000
CCS_1d20180525, 5.000
CCS_1d20180526, 0.000
CCS_1d20180527, 0.000
CCS_1d20180528, 0.000
CCS_1d20180529, 0.000
CCS_1d20180530, 17.000
CCS_1d20180531, 56.000
CCS_1d20180601, 1.000
CCS_1d20180602, 0.000
CCS_1d20180603, 12.000
CCS_1d20180604, 3.000
CCS_1d20180605, 0.000
CCS_1d20180606, 0.000
CCS_1d20180607, 3.000
CCS_1d20180608, 1.000
CCS_1d20180609, 5.000
CCS_1d20180610, 9.000
CCS_1d20180611, 0.000
CCS_1d20180612, 190.000
CCS_1d20180613, 0.000
CCS_1d20180614, 9.000
CCS_1d20180615, 2.000
CCS_1d20180616, 1.000
CCS_1d20180617, 2.000
CCS_1d20180618, 0.000
CCS_1d20180619, 14.000
CCS_1d20180620, 0.000
CCS_1d20180621, 0.000
CCS_1d20180622, 6.000
CCS_1d20180623, 10.000
CCS_1d20180624, 1.000
CCS_1d20180625, 0.000
CCS_1d20180626, 6.000
CCS_1d20180627, 1.000
CCS_1d20180628, 0.000
CCS_1d20180629, 0.000
CCS_1d20180630, 0.000
CCS_1d20180701, 1.000
CCS_1d20180702, 5.000
CCS_1d20180703, 4.000
CCS_1d20180704, 0.000
CCS_1d20180705, 0.000
CCS_1d20180706, 0.000
CCS_1d20180707, 1.000
CCS_1d20180708, 0.000
CCS_1d20180709, 0.000
CCS_1d20180710, 0.000
CCS_1d20180711, 1.000
CCS_1d20180712, 22.000
CCS_1d20180713, 37.000
CCS_1d20180714, 60.000
CCS_1d20180715, 32.000
CCS_1d20180716, 0.000
CCS_1d20180717, 20.000
CCS_1d20180718, 1.000
CCS_1d20180719, 6.000
CCS_1d20180720, 66.000
CCS_1d20180721, 5.000
CCS_1d20180722, 2.000
CCS_1d20180723, 57.000
CCS_1d20180724, 2.000
CCS_1d20180725, 6.000
CCS_1d20180726, 15.000
CCS_1d20180727, 20.000
CCS_1d20180728, 6.000
CCS_1d20180729, 0.000
CCS_1d20180730, 4.000
CCS_1d20180731, 22.000
CCS_1d20180801, 28.000
CCS_1d20180802, 2.000
CCS_1d20180803, 29.000
CCS_1d20180804, 30.000
CCS_1d20180805, 26.000
CCS_1d20180806, 19.000
CCS_1d20180807, 1.000
CCS_1d20180808, 0.000
CCS_1d20180809, 0.000
CCS_1d20180810, 1.000
CCS_1d20180811, 49.000
CCS_1d20180812, 1.000
CCS_1d20180813, 19.000
CCS_1d20180814, 30.000
CCS_1d20180815, 19.000
CCS_1d20180816, 16.000
CCS_1d20180817, 19.000
CCS_1d20180818, 49.000
CCS_1d20180819, 17.000
CCS_1d20180820, 17.000
CCS_1d20180821, 2.000
CCS_1d20180822, 0.000
CCS_1d20180823, 11.000
CCS_1d20180824, 1.000
CCS_1d20180825, 19.000
CCS_1d20180826, 3.000
CCS_1d20180827, 1.000
CCS_1d20180828, 0.000
CCS_1d20180829, 1.000
CCS_1d20180830, 0.000
CCS_1d20180831, 0.000
CCS_1d20180901, 0.000
CCS_1d20180902, 0.000
CCS_1d20180903, 2.000
CCS_1d20180904, 7.000
CCS_1d20180905, 1.000
CCS_1d20180906, 0.000
CCS_1d20180907, 0.000
CCS_1d20180908, 0.000
CCS_1d20180909, 0.000
CCS_1d20180910, 0.000
CCS_1d20180911, 38.000
CCS_1d20180912, 8.000
CCS_1d20180913, 14.000
CCS_1d20180914, 38.000
CCS_1d20180915, 4.000
CCS_1d20180916, 0.000
CCS_1d20180917, 0.000
CCS_1d20180918, 1.000
CCS_1d20180919, 26.000
CCS_1d20180920, 9.000
CCS_1d20180921, 0.000
CCS_1d20180922, 0.000
CCS_1d20180923, 1.000
CCS_1d20180924, 0.000
CCS_1d20180925, 40.000
CCS_1d20180926, 26.000
CCS_1d20180927, 31.000
CCS_1d20180928, 0.000
CCS_1d20180929, 0.000
CCS_1d20180930, 0.000
CCS_1d20181001, 0.000
CCS_1d20181002, 0.000
CCS_1d20181003, 0.000
CCS_1d20181004, 0.000
CCS_1d20181005, 0.000
CCS_1d20181006, 0.000
CCS_1d20181007, 0.000
CCS_1d20181008, 0.000
CCS_1d20181009, 1.000
CCS_1d20181010, 225.000
CCS_1d20181011, 1.000
CCS_1d20181012, 0.000
CCS_1d20181013, 2.000
CCS_1d20181014, 0.000
CCS_1d20181015, 0.000
CCS_1d20181016, 0.000
CCS_1d20181017, 0.000
CCS_1d20181018, 0.000
CCS_1d20181019, 0.000
CCS_1d20181020, 0.000
CCS_1d20181021, 0.000
CCS_1d20181022, 0.000
CCS_1d20181023, 0.000
CCS_1d20181024, 0.000
CCS_1d20181025, 0.000
CCS_1d20181026, 0.000
CCS_1d20181027, 0.000
CCS_1d20181028, 1.000
CCS_1d20181029, 3.000
CCS_1d20181030, 3.000
CCS_1d20181031, 0.000
CCS_1d20181101, 0.000
CCS_1d20181102, 0.000
CCS_1d20181103, 0.000
CCS_1d20181104, 0.000
CCS_1d20181105, 0.000
CCS_1d20181106, 0.000
CCS_1d20181107, 0.000
CCS_1d20181108, 0.000
CCS_1d20181109, 0.000
CCS_1d20181110, 0.000
CCS_1d20181111, 0.000
CCS_1d20181112, 0.000
CCS_1d20181113, 0.000
CCS_1d20181114, 0.000
CCS_1d20181115, 0.000
CCS_1d20181116, 0.000
CCS_1d20181117, 0.000
CCS_1d20181118, 0.000
CCS_1d20181119, 0.000
CCS_1d20181120, 0.000
CCS_1d20181121, 0.000
CCS_1d20181122, 0.000
CCS_1d20181123, 0.000
CCS_1d20181124, 0.000
CCS_1d20181125, 0.000
CCS_1d20181126, 0.000
CCS_1d20181127, 0.000
CCS_1d20181128, 0.000
CCS_1d20181129, 0.000
CCS_1d20181130, 0.000
CCS_1d20181201, 0.000
CCS_1d20181202, 0.000
CCS_1d20181203, 0.000
CCS_1d20181204, 0.000
CCS_1d20181205, 3.000
CCS_1d20181206, 0.000
CCS_1d20181207, 0.000
CCS_1d20181208, 0.000
CCS_1d20181209, 0.000
CCS_1d20181210, 0.000
CCS_1d20181211, 0.000
CCS_1d20181212, 0.000
CCS_1d20181213, 0.000
CCS_1d20181214, 0.000
CCS_1d20181215, 0.000
CCS_1d20181216, 0.000
CCS_1d20181217, 0.000
CCS_1d20181218, 0.000
CCS_1d20181219, 0.000
CCS_1d20181220, 0.000
CCS_1d20181221, 0.000
CCS_1d20181222, 0.000
CCS_1d20181223, 0.000
CCS_1d20181224, 0.000
CCS_1d20181225, 0.000
CCS_1d20181226, 0.000
CCS_1d20181227, 0.000
CCS_1d20181228, 0.000
CCS_1d20181229, 0.000
CCS_1d20181230, 0.000
CCS_1d20181231, 0.000
CCS_1d20190101, 0.000
CCS_1d20190102, 0.000
CCS_1d20190103, 0.000
CCS_1d20190104, 0.000
CCS_1d20190105, 0.000
CCS_1d20190106, 0.000
CCS_1d20190107, 0.000
CCS_1d20190108, 0.000
CCS_1d20190109, 0.000
CCS_1d20190110, 0.000
CCS_1d20190111, 0.000
CCS_1d20190112, 0.000
CCS_1d20190113, 0.000
CCS_1d20190114, 0.000
CCS_1d20190115, 0.000
CCS_1d20190116, 0.000
CCS_1d20190117, 0.000
CCS_1d20190118, 0.000
CCS_1d20190119, 0.000
CCS_1d20190120, 0.000
CCS_1d20190121, 0.000
CCS_1d20190122, 0.000
CCS_1d20190123, 0.000
CCS_1d20190124, 0.000
CCS_1d20190125, 0.000
CCS_1d20190126, 0.000
CCS_1d20190127, 0.000
CCS_1d20190128, 0.000
CCS_1d20190129, 0.000
CCS_1d20190130, 0.000
CCS_1d20190131, 0.000
CCS_1d20190201, 0.000
CCS_1d20190202, 0.000
CCS_1d20190203, 0.000
CCS_1d20190204, 0.000
CCS_1d20190205, 0.000
CCS_1d20190206, 0.000
CCS_1d20190207, 0.000
CCS_1d20190208, 0.000
CCS_1d20190209, 0.000
CCS_1d20190210, 0.000
CCS_1d20190211, 0.000
CCS_1d20190212, 0.000
CCS_1d20190213, 0.000
CCS_1d20190214, 0.000
CCS_1d20190215, 0.000
CCS_1d20190216, 0.000
CCS_1d20190217, 1.000
CCS_1d20190218, 0.000
CCS_1d20190219, 0.000
CCS_1d20190220, 0.000
CCS_1d20190221, 0.000
CCS_1d20190222, 0.000
CCS_1d20190223, 0.000
CCS_1d20190224, 1.000
CCS_1d20190225, 2.000
CCS_1d20190226, 1.000
CCS_1d20190227, 7.000
CCS_1d20190228, 0.000
CCS_1d20190301, 0.000
CCS_1d20190302, 0.000
CCS_1d20190303, 0.000
CCS_1d20190304, 0.000
CCS_1d20190305, 0.000
CCS_1d20190306, 0.000
CCS_1d20190307, 0.000
CCS_1d20190308, 0.000
CCS_1d20190309, 0.000
CCS_1d20190310, 0.000
CCS_1d20190311, 0.000
CCS_1d20190312, 0.000
CCS_1d20190313, 0.000
CCS_1d20190314, 1.000
CCS_1d20190315, 0.000
CCS_1d20190316, 0.000
CCS_1d20190317, 7.000
CCS_1d20190318, 0.000
CCS_1d20190319, 0.000
CCS_1d20190320, 0.000
CCS_1d20190321, 0.000
CCS_1d20190322, 0.000
CCS_1d20190323, 0.000
CCS_1d20190324, 0.000
CCS_1d20190325, 0.000
CCS_1d20190326, 1.000
CCS_1d20190327, 1.000
CCS_1d20190328, 0.000
CCS_1d20190329, 0.000
CCS_1d20190330, 4.000
CCS_1d20190331, 20.000
CCS_1d20190401, 0.000
CCS_1d20190402, 11.000
CCS_1d20190403, 0.000
CCS_1d20190404, 0.000
CCS_1d20190405, 0.000
CCS_1d20190406, 20.000
CCS_1d20190407, 0.000
CCS_1d20190408, 5.000
CCS_1d20190409, 1.000
CCS_1d20190410, 1.000
CCS_1d20190411, 7.000
CCS_1d20190412, 0.000
CCS_1d20190413, 9.000
CCS_1d20190414, 0.000
CCS_1d20190415, 0.000
CCS_1d20190416, 1.000
CCS_1d20190417, 0.000
CCS_1d20190418, 0.000
CCS_1d20190419, 0.000
CCS_1d20190420, 0.000
CCS_1d20190421, 3.000
CCS_1d20190422, 0.000
CCS_1d20190423, 0.000
CCS_1d20190424, 0.000
CCS_1d20190425, 0.000
CCS_1d20190426, 0.000
CCS_1d20190427, 0.000
CCS_1d20190428, 0.000
CCS_1d20190429, 0.000
CCS_1d20190430, 0.000
CCS_1d20190501, 0.000
CCS_1d20190502, 0.000
CCS_1d20190503, 34.000
CCS_1d20190504, 9.000
CCS_1d20190505, 0.000
CCS_1d20190506, 0.000
CCS_1d20190507, 0.000
CCS_1d20190508, 0.000
CCS_1d20190509, 0.000
CCS_1d20190510, 0.000
CCS_1d20190511, 0.000
CCS_1d20190512, 0.000
CCS_1d20190513, 5.000
CCS_1d20190514, 1.000
CCS_1d20190515, 0.000
CCS_1d20190516, 0.000
CCS_1d20190517, 0.000
CCS_1d20190518, 0.000
CCS_1d20190519, 1.000
CCS_1d20190520, 0.000
CCS_1d20190521, 0.000
CCS_1d20190522, 3.000
CCS_1d20190523, 0.000
CCS_1d20190524, 59.000
CCS_1d20190525, 1.000
CCS_1d20190526, 0.000
CCS_1d20190527, 0.000
CCS_1d20190528, 0.000
CCS_1d20190529, 0.000
CCS_1d20190530, 3.000
CCS_1d20190531, 9.000
CCS_1d20190601, 1.000
CCS_1d20190602, 4.000
CCS_1d20190603, 0.000
CCS_1d20190604, 1.000
CCS_1d20190605, 14.000
CCS_1d20190606, 4.000
CCS_1d20190607, 0.000
CCS_1d20190608, 0.000
CCS_1d20190609, 3.000
CCS_1d20190610, 0.000
CCS_1d20190611, 0.000
CCS_1d20190612, 0.000
CCS_1d20190613, 1.000
CCS_1d20190614, 30.000
CCS_1d20190615, 83.000
CCS_1d20190616, 0.000
CCS_1d20190617, 18.000
CCS_1d20190618, 0.000
CCS_1d20190619, 1.000
CCS_1d20190620, 14.000
CCS_1d20190621, 12.000
CCS_1d20190622, 1.000
CCS_1d20190623, 0.000
CCS_1d20190624, 0.000
CCS_1d20190625, 1.000
CCS_1d20190626, 14.000
CCS_1d20190627, 3.000
CCS_1d20190628, 31.000
CCS_1d20190629, 0.000
CCS_1d20190630, 25.000
CCS_1d20190701, 0.000
CCS_1d20190702, 0.000
CCS_1d20190703, 0.000
CCS_1d20190704, 0.000
CCS_1d20190705, 1.000
CCS_1d20190706, 1.000
CCS_1d20190707, 16.000
CCS_1d20190708, 14.000
CCS_1d20190709, 17.000
CCS_1d20190710, 31.000
CCS_1d20190711, 69.000
CCS_1d20190712, 60.000
CCS_1d20190713, 85.000
CCS_1d20190714, 14.000
CCS_1d20190715, 37.000
CCS_1d20190716, 4.000
CCS_1d20190717, 0.000
CCS_1d20190718, 0.000
CCS_1d20190719, 0.000
CCS_1d20190720, 0.000
CCS_1d20190721, 1.000
CCS_1d20190722, 0.000
CCS_1d20190723, 1.000
CCS_1d20190724, 13.000
CCS_1d20190725, 330.000
CCS_1d20190726, 18.000
CCS_1d20190727, 1.000
CCS_1d20190728, 0.000
CCS_1d20190729, 0.000
CCS_1d20190730, 0.000
CCS_1d20190731, 0.000
CCS_1d20190801, 1.000
CCS_1d20190802, 3.000
CCS_1d20190803, 0.000
CCS_1d20190804, 3.000
CCS_1d20190805, 41.000
CCS_1d20190806, 1.000
CCS_1d20190807, 3.000
CCS_1d20190808, 1.000
CCS_1d20190809, 0.000
CCS_1d20190810, 4.000
CCS_1d20190811, 17.000
CCS_1d20190812, 22.000
CCS_1d20190813, 0.000
CCS_1d20190814, 5.000
CCS_1d20190815, 1.000
CCS_1d20190816, 6.000
CCS_1d20190817, 0.000
CCS_1d20190818, 0.000
CCS_1d20190819, 0.000
CCS_1d20190820, 1.000
CCS_1d20190821, 4.000
CCS_1d20190822, 31.000
CCS_1d20190823, 27.000
CCS_1d20190824, 0.000
CCS_1d20190825, 0.000
CCS_1d20190826, 0.000
CCS_1d20190827, 0.000
CCS_1d20190828, 4.000
CCS_1d20190829, 0.000
CCS_1d20190830, 7.000
CCS_1d20190831, 22.000
CCS_1d20190901, 44.000
CCS_1d20190902, 41.000
CCS_1d20190903, 6.000
CCS_1d20190904, 11.000
CCS_1d20190905, 0.000
CCS_1d20190906, 0.000
CCS_1d20190907, 1.000
CCS_1d20190908, 0.000
CCS_1d20190909, 13.000
CCS_1d20190910, 1.000
CCS_1d20190911, 0.000
CCS_1d20190912, 0.000
CCS_1d20190913, 19.000
CCS_1d20190914, 0.000
CCS_1d20190915, 5.000
CCS_1d20190916, 2.000
CCS_1d20190917, 0.000
CCS_1d20190918, 0.000
CCS_1d20190919, 0.000
CCS_1d20190920, 1.000
CCS_1d20190921, 2.000
CCS_1d20190922, 18.000
CCS_1d20190923, 0.000
CCS_1d20190924, 6.000
CCS_1d20190925, 5.000
CCS_1d20190926, 2.000
CCS_1d20190927, 0.000
CCS_1d20190928, 0.000
CCS_1d20190929, 0.000
CCS_1d20190930, 1.000
CCS_1d20191001, 1.000
CCS_1d20191002, 0.000
CCS_1d20191003, 0.000
CCS_1d20191004, 0.000
CCS_1d20191005, 0.000
CCS_1d20191006, 8.000
CCS_1d20191007, 0.000
CCS_1d20191008, 0.000
CCS_1d20191009, 2.000
CCS_1d20191010, 0.000
CCS_1d20191011, 0.000
CCS_1d20191012, 0.000
CCS_1d20191013, 0.000
CCS_1d20191014, 0.000
CCS_1d20191015, 0.000
CCS_1d20191016, 0.000
CCS_1d20191017, 0.000
CCS_1d20191018, 0.000
CCS_1d20191019, 0.000
CCS_1d20191020, 0.000
CCS_1d20191021, 0.000
CCS_1d20191022, 0.000
CCS_1d20191023, 5.000
CCS_1d20191024, 1.000
CCS_1d20191025, 0.000
CCS_1d20191026, 0.000
CCS_1d20191027, 0.000
CCS_1d20191028, 0.000
CCS_1d20191029, 0.000
CCS_1d20191030, 0.000
CCS_1d20191031, 0.000
CCS_1d20191101, 0.000
CCS_1d20191102, 0.000
CCS_1d20191103, 0.000
CCS_1d20191104, 0.000
CCS_1d20191105, 0.000
CCS_1d20191106, 0.000
CCS_1d20191107, 1.000
CCS_1d20191108, 9.000
CCS_1d20191109, 7.000
CCS_1d20191110, 8.000
CCS_1d20191111, 0.000
CCS_1d20191112, 0.000
CCS_1d20191113, 0.000
CCS_1d20191114, 0.000
CCS_1d20191115, 0.000
CCS_1d20191116, 0.000
CCS_1d20191117, 0.000
CCS_1d20191118, 0.000
CCS_1d20191119, 0.000
CCS_1d20191120, 0.000
CCS_1d20191121, 0.000
CCS_1d20191122, 0.000
CCS_1d20191123, 0.000
CCS_1d20191124, 0.000
CCS_1d20191125, 0.000
CCS_1d20191126, 0.000
CCS_1d20191127, 0.000
CCS_1d20191128, 0.000
CCS_1d20191129, 0.000
CCS_1d20191130, 0.000
CCS_1d20191201, 0.000
CCS_1d20191202, 0.000
CCS_1d20191203, 0.000
CCS_1d20191204, 0.000
CCS_1d20191205, 0.000
CCS_1d20191206, 0.000
CCS_1d20191207, 0.000
CCS_1d20191208, 0.000
CCS_1d20191209, 0.000
CCS_1d20191210, 0.000
CCS_1d20191211, 0.000
CCS_1d20191212, 0.000
CCS_1d20191213, 0.000
CCS_1d20191214, 0.000
CCS_1d20191215, 0.000
CCS_1d20191216, 0.000
CCS_1d20191217, 0.000
CCS_1d20191218, 0.000
CCS_1d20191219, 0.000
CCS_1d20191220, 0.000
CCS_1d20191221, 0.000
CCS_1d20191222, 0.000
CCS_1d20191223, 0.000
CCS_1d20191224, 0.000
CCS_1d20191225, 0.000
CCS_1d20191226, 0.000
CCS_1d20191227, 0.000
CCS_1d20191228, 0.000
CCS_1d20191229, 0.000
CCS_1d20191230, 0.000
CCS_1d20191231, 0.000
CCS_1d20200101, 0.000
CCS_1d20200102, 0.000
CCS_1d20200103, 1.000
CCS_1d20200104, 0.000
CCS_1d20200105, 0.000
CCS_1d20200106, 0.000
CCS_1d20200107, 0.000
CCS_1d20200108, 0.000
CCS_1d20200109, 0.000
CCS_1d20200110, 0.000
CCS_1d20200111, 0.000
CCS_1d20200112, 0.000
CCS_1d20200113, 0.000
CCS_1d20200114, 0.000
CCS_1d20200115, 0.000
CCS_1d20200116, 0.000
CCS_1d20200117, 0.000
CCS_1d20200118, 0.000
CCS_1d20200119, 0.000
CCS_1d20200120, 0.000
CCS_1d20200121, 0.000
CCS_1d20200122, 0.000
CCS_1d20200123, 0.000
CCS_1d20200124, 0.000
CCS_1d20200125, 0.000
CCS_1d20200126, 0.000
CCS_1d20200127, 0.000
CCS_1d20200128, 0.000
CCS_1d20200129, 0.000
CCS_1d20200130, 0.000
CCS_1d20200131, 0.000
CCS_1d20200201, 0.000
CCS_1d20200202, 0.000
CCS_1d20200203, 0.000
CCS_1d20200204, 0.000
CCS_1d20200205, 0.000
CCS_1d20200206, 0.000
CCS_1d20200207, 0.000
CCS_1d20200208, 0.000
CCS_1d20200209, 0.000
CCS_1d20200210, 0.000
CCS_1d20200211, 0.000
CCS_1d20200212, 0.000
CCS_1d20200213, 0.000
CCS_1d20200214, 0.000
CCS_1d20200215, 0.000
CCS_1d20200216, 0.000
CCS_1d20200217, 0.000
CCS_1d20200218, 0.000
CCS_1d20200219, 0.000
CCS_1d20200220, 1.000
CCS_1d20200221, 0.000
CCS_1d20200222, 0.000
CCS_1d20200223, 0.000
CCS_1d20200224, 0.000
CCS_1d20200225, 1.000
CCS_1d20200226, 0.000
CCS_1d20200227, 0.000
CCS_1d20200228, 0.000
CCS_1d20200229, 0.000
CCS_1d20200301, 0.000
CCS_1d20200302, 0.000
CCS_1d20200303, 0.000
CCS_1d20200304, 0.000
CCS_1d20200305, 0.000
CCS_1d20200306, 0.000
CCS_1d20200307, 0.000
CCS_1d20200308, 0.000
CCS_1d20200309, 0.000
CCS_1d20200310, 0.000
CCS_1d20200311, 0.000
CCS_1d20200312, 0.000
CCS_1d20200313, 0.000
CCS_1d20200314, 0.000
CCS_1d20200315, 0.000
CCS_1d20200316, 0.000
CCS_1d20200317, 0.000
CCS_1d20200318, 0.000
CCS_1d20200319, 4.000
CCS_1d20200320, 2.000
CCS_1d20200321, 1.000
CCS_1d20200322, 0.000
CCS_1d20200323, 0.000
CCS_1d20200324, 0.000
CCS_1d20200325, 0.000
CCS_1d20200326, 0.000
CCS_1d20200327, 0.000
CCS_1d20200328, 0.000
CCS_1d20200329, 0.000
CCS_1d20200330, 0.000
CCS_1d20200331, 0.000
CCS_1d20200401, 0.000
CCS_1d20200402, 17.000
CCS_1d20200403, 0.000
CCS_1d20200404, 0.000
CCS_1d20200405, 0.000
CCS_1d20200406, 0.000
CCS_1d20200407, 0.000
CCS_1d20200408, 0.000
CCS_1d20200409, 0.000
CCS_1d20200410, 0.000
CCS_1d20200411, 0.000
CCS_1d20200412, 0.000
CCS_1d20200413, 0.000
CCS_1d20200414, 0.000
CCS_1d20200415, 7.000
CCS_1d20200416, 0.000
CCS_1d20200417, 1.000
CCS_1d20200418, 8.000
CCS_1d20200419, 3.000
CCS_1d20200420, 5.000
CCS_1d20200421, 24.000
CCS_1d20200422, 0.000
CCS_1d20200423, 9.000
CCS_1d20200424, 3.000
CCS_1d20200425, 0.000
CCS_1d20200426, 6.000
CCS_1d20200427, 0.000
CCS_1d20200428, 1.000
CCS_1d20200429, 0.000
CCS_1d20200430, 0.000
CCS_1d20200501, 1.000
CCS_1d20200502, 0.000
CCS_1d20200503, 0.000
CCS_1d20200504, 0.000
CCS_1d20200505, 3.000
CCS_1d20200506, 1.000
CCS_1d20200507, 5.000
CCS_1d20200508, 6.000
CCS_1d20200509, 2.000
CCS_1d20200510, 0.000
CCS_1d20200511, 4.000
CCS_1d20200512, 1.000
CCS_1d20200513, 11.000
CCS_1d20200514, 9.000
CCS_1d20200515, 6.000
CCS_1d20200516, 0.000
CCS_1d20200517, 0.000
CCS_1d20200518, 0.000
CCS_1d20200519, 1.000
CCS_1d20200520, 57.000
CCS_1d20200521, 13.000
CCS_1d20200522, 0.000
CCS_1d20200523, 0.000
CCS_1d20200524, 0.000
CCS_1d20200525, 0.000
CCS_1d20200526, 7.000
CCS_1d20200527, 12.000
CCS_1d20200528, 0.000
CCS_1d20200529, 0.000
CCS_1d20200530, 1.000
CCS_1d20200531, 0.000
CCS_1d20200601, 22.000
CCS_1d20200602, 1.000
CCS_1d20200603, 13.000
CCS_1d20200604, 38.000
CCS_1d20200605, 30.000
CCS_1d20200606, 29.000
CCS_1d20200607, 1.000
CCS_1d20200608, 4.000
CCS_1d20200609, 34.000
CCS_1d20200610, 5.000
CCS_1d20200611, 26.000
CCS_1d20200612, 7.000
CCS_1d20200613, 2.000
CCS_1d20200614, 0.000
CCS_1d20200615, 0.000
CCS_1d20200616, 0.000
CCS_1d20200617, 26.000
CCS_1d20200618, 32.000
CCS_1d20200619, 0.000
CCS_1d20200620, 0.000
CCS_1d20200621, 0.000
CCS_1d20200622, 0.000
CCS_1d20200623, 0.000
CCS_1d20200624, 1.000
CCS_1d20200625, 1.000
CCS_1d20200626, 21.000
CCS_1d20200627, 8.000
CCS_1d20200628, 9.000
CCS_1d20200629, 0.000
CCS_1d20200630, 0.000
CCS_1d20200701, 2.000
CCS_1d20200702, 7.000
CCS_1d20200703, 13.000
CCS_1d20200704, 4.000
CCS_1d20200705, 0.000
CCS_1d20200706, 1.000
CCS_1d20200707, 0.000
CCS_1d20200708, 1.000
CCS_1d20200709, 17.000
CCS_1d20200710, 14.000
CCS_1d20200711, 36.000
CCS_1d20200712, 14.000
CCS_1d20200713, 1.000
CCS_1d20200714, 1.000
CCS_1d20200715, 0.000
CCS_1d20200716, 0.000
CCS_1d20200717, 0.000
CCS_1d20200718, 5.000
CCS_1d20200719, 17.000
CCS_1d20200720, 47.000
CCS_1d20200721, 38.000
CCS_1d20200722, 0.000
CCS_1d20200723, 0.000
CCS_1d20200724, 1.000
CCS_1d20200725, 0.000
CCS_1d20200726, 1.000
CCS_1d20200727, 7.000
CCS_1d20200728, 5.000
CCS_1d20200729, 18.000
CCS_1d20200730, 0.000
CCS_1d20200731, 4.000
CCS_1d20200801, 1.000
CCS_1d20200802, 5.000
CCS_1d20200803, 14.000
CCS_1d20200804, 42.000
CCS_1d20200805, 7.000
CCS_1d20200806, 4.000
CCS_1d20200807, 2.000
CCS_1d20200808, 1.000
CCS_1d20200809, 1.000
CCS_1d20200810, 0.000
CCS_1d20200811, 0.000
CCS_1d20200812, 17.000
CCS_1d20200813, 0.000
CCS_1d20200814, 15.000
CCS_1d20200815, 0.000
CCS_1d20200816, 0.000
CCS_1d20200817, 0.000
CCS_1d20200818, 2.000
CCS_1d20200819, 0.000
CCS_1d20200820, 1.000
CCS_1d20200821, 6.000
CCS_1d20200822, 9.000
CCS_1d20200823, 1.000
CCS_1d20200824, 21.000
CCS_1d20200825, 1.000
CCS_1d20200826, 0.000
CCS_1d20200827, 0.000
CCS_1d20200828, 14.000
CCS_1d20200829, 12.000
CCS_1d20200830, 0.000
CCS_1d20200831, 16.000
CCS_1d20200901, 28.000
CCS_1d20200902, 0.000
CCS_1d20200903, 0.000
CCS_1d20200904, 0.000
CCS_1d20200905, 1.000
CCS_1d20200906, 9.000
CCS_1d20200907, 1.000
CCS_1d20200908, 5.000
CCS_1d20200909, 32.000
CCS_1d20200910, 23.000
CCS_1d20200911, 2.000
CCS_1d20200912, 1.000
CCS_1d20200913, 19.000
CCS_1d20200914, 44.000
CCS_1d20200915, 19.000
CCS_1d20200916, 6.000
CCS_1d20200917, 14.000
CCS_1d20200918, 1.000
CCS_1d20200919, 1.000
CCS_1d20200920, 74.000
CCS_1d20200921, 1.000
CCS_1d20200922, 14.000
CCS_1d20200923, 5.000
CCS_1d20200924, 1.000
CCS_1d20200925, 54.000
CCS_1d20200926, 17.000
CCS_1d20200927, 14.000
CCS_1d20200928, 0.000
CCS_1d20200929, 1.000
CCS_1d20200930, 6.000
CCS_1d20201001, 8.000
CCS_1d20201002, 0.000
CCS_1d20201003, 0.000
CCS_1d20201004, 1.000
CCS_1d20201005, 0.000
CCS_1d20201006, 1.000
CCS_1d20201007, 3.000
CCS_1d20201008, 0.000
CCS_1d20201009, 0.000
CCS_1d20201010, 0.000
CCS_1d20201011, 0.000
CCS_1d20201012, 21.000
CCS_1d20201013, 5.000
CCS_1d20201014, 4.000
CCS_1d20201015, 0.000
CCS_1d20201016, 0.000
CCS_1d20201017, 0.000
CCS_1d20201018, 1.000
CCS_1d20201019, 0.000
CCS_1d20201020, 0.000
CCS_1d20201021, 0.000
CCS_1d20201022, 2.000
CCS_1d20201023, 33.000
CCS_1d20201024, 0.000
CCS_1d20201025, 0.000
CCS_1d20201026, 0.000
CCS_1d20201027, 0.000
CCS_1d20201028, 0.000
CCS_1d20201029, 0.000
CCS_1d20201030, 13.000
CCS_1d20201031, 4.000
CCS_1d20201101, 0.000
CCS_1d20201102, 0.000
CCS_1d20201103, 0.000
CCS_1d20201104, 0.000
CCS_1d20201105, 0.000
CCS_1d20201106, 0.000
CCS_1d20201107, 0.000
CCS_1d20201108, 0.000
CCS_1d20201109, 0.000
CCS_1d20201110, 0.000
CCS_1d20201111, 0.000
CCS_1d20201112, 0.000
CCS_1d20201113, 0.000
CCS_1d20201114, 0.000
CCS_1d20201115, 0.000
CCS_1d20201116, 0.000
CCS_1d20201117, 0.000
CCS_1d20201118, 0.000
CCS_1d20201119, 0.000
CCS_1d20201120, 0.000
CCS_1d20201121, 0.000
CCS_1d20201122, 0.000
CCS_1d20201123, 0.000
CCS_1d20201124, 1.000
CCS_1d20201125, 1.000
CCS_1d20201126, 0.000
CCS_1d20201127, 0.000
CCS_1d20201128, 0.000
CCS_1d20201129, 0.000
CCS_1d20201130, 0.000
CCS_1d20201201, 0.000
CCS_1d20201202, 0.000
CCS_1d20201203, 0.000
CCS_1d20201204, 0.000
CCS_1d20201205, 0.000
CCS_1d20201206, 0.000
CCS_1d20201207, 0.000
CCS_1d20201208, 0.000
CCS_1d20201209, 0.000
CCS_1d20201210, 0.000
CCS_1d20201211, 0.000
CCS_1d20201212, 0.000
CCS_1d20201213, 0.000
CCS_1d20201214, 0.000
CCS_1d20201215, 0.000
CCS_1d20201216, 0.000
CCS_1d20201217, 0.000
CCS_1d20201218, 0.000
CCS_1d20201219, 0.000
CCS_1d20201220, 0.000
CCS_1d20201221, 0.000
CCS_1d20201222, 0.000
CCS_1d20201223, 0.000
CCS_1d20201224, 0.000
CCS_1d20201225, 0.000
CCS_1d20201226, 0.000
CCS_1d20201227, 0.000
CCS_1d20201228, 0.000
CCS_1d20201229, 0.000
CCS_1d20201230, 0.000
CCS_1d20201231, 0.000
CCS_1d20210101, 0.000
CCS_1d20210102, 0.000
CCS_1d20210103, 0.000
CCS_1d20210104, 0.000
CCS_1d20210105, 0.000
CCS_1d20210106, 0.000
CCS_1d20210107, 0.000
CCS_1d20210108, 0.000
CCS_1d20210109, 0.000
CCS_1d20210110, 0.000
CCS_1d20210111, 0.000
CCS_1d20210112, 0.000
CCS_1d20210113, 0.000
CCS_1d20210114, 0.000
CCS_1d20210115, 0.000
CCS_1d20210116, 0.000
CCS_1d20210117, 0.000
CCS_1d20210118, 0.000
CCS_1d20210119, 0.000
CCS_1d20210120, 0.000
CCS_1d20210121, 0.000
CCS_1d20210122, 0.000
CCS_1d20210123, 0.000
CCS_1d20210124, 0.000
CCS_1d20210125, 0.000
CCS_1d20210126, 0.000
CCS_1d20210127, 0.000
CCS_1d20210128, 0.000
CCS_1d20210129, 0.000
CCS_1d20210130, 0.000
CCS_1d20210131, 0.000
CCS_1d20210201, 0.000
CCS_1d20210202, 0.000
CCS_1d20210203, 0.000
CCS_1d20210204, 0.000
CCS_1d20210205, 0.000
CCS_1d20210206, 0.000
CCS_1d20210207, 0.000
CCS_1d20210208, 0.000
CCS_1d20210209, 0.000
CCS_1d20210210, 0.000
CCS_1d20210211, 0.000
CCS_1d20210212, 0.000
CCS_1d20210213, 0.000
CCS_1d20210214, 0.000
CCS_1d20210215, 0.000
CCS_1d20210216, 0.000
CCS_1d20210217, 0.000
CCS_1d20210218, 0.000
CCS_1d20210219, 1.000
CCS_1d20210220, 2.000
CCS_1d20210221, 0.000
CCS_1d20210222, 0.000
CCS_1d20210223, 0.000
CCS_1d20210224, 0.000
CCS_1d20210225, 0.000
CCS_1d20210226, 0.000
CCS_1d20210227, 0.000
CCS_1d20210228, 0.000
CCS_1d20210301, 0.000
CCS_1d20210302, 0.000
CCS_1d20210303, 0.000
CCS_1d20210304, 0.000
CCS_1d20210305, 0.000
CCS_1d20210306, 0.000
CCS_1d20210307, 0.000
CCS_1d20210308, 0.000
CCS_1d20210309, 0.000
CCS_1d20210310, 0.000
CCS_1d20210311, 0.000
CCS_1d20210312, 0.000
CCS_1d20210313, 0.000
CCS_1d20210314, 0.000
CCS_1d20210315, 0.000
CCS_1d20210316, 0.000
CCS_1d20210317, 0.000
CCS_1d20210318, 0.000
CCS_1d20210319, 0.000
CCS_1d20210320, 0.000
CCS_1d20210321, 0.000
CCS_1d20210322, 0.000
CCS_1d20210323, 0.000
CCS_1d20210324, 0.000
CCS_1d20210325, 0.000
CCS_1d20210326, 0.000
CCS_1d20210327, 0.000
CCS_1d20210328, 0.000
CCS_1d20210329, 0.000
CCS_1d20210330, 0.000
CCS_1d20210331, 0.000
CCS_1d20210401, 0.000
CCS_1d20210402, 0.000
CCS_1d20210403, 0.000
CCS_1d20210404, 1.000
CCS_1d20210405, 0.000
CCS_1d20210406, 0.000
CCS_1d20210407, 0.000
CCS_1d20210408, 0.000
CCS_1d20210409, 0.000
CCS_1d20210410, 0.000
CCS_1d20210411, 0.000
CCS_1d20210412, 0.000
CCS_1d20210413, 0.000
CCS_1d20210414, 0.000
CCS_1d20210415, 0.000
CCS_1d20210416, 0.000
CCS_1d20210417, 0.000
CCS_1d20210418, 0.000
CCS_1d20210419, 0.000
CCS_1d20210420, 0.000
CCS_1d20210421, 3.000
CCS_1d20210422, 1.000
CCS_1d20210423, 0.000
CCS_1d20210424, 0.000
CCS_1d20210425, 0.000
CCS_1d20210426, 0.000
CCS_1d20210427, 0.000
CCS_1d20210428, 0.000
CCS_1d20210429, 0.000
CCS_1d20210430, 0.000
CCS_1d20210501, 0.000
CCS_1d20210502, 6.000
CCS_1d20210503, 3.000
CCS_1d20210504, 1.000
CCS_1d20210505, 0.000
CCS_1d20210506, 0.000
CCS_1d20210507, 0.000
CCS_1d20210508, 0.000
CCS_1d20210509, 0.000
CCS_1d20210510, 0.000
CCS_1d20210511, 3.000
CCS_1d20210512, 0.000
CCS_1d20210513, 0.000
CCS_1d20210514, 0.000
CCS_1d20210515, 4.000
CCS_1d20210516, 114.000
CCS_1d20210517, 55.000
CCS_1d20210518, 97.000
CCS_1d20210519, 0.000
CCS_1d20210520, 0.000
CCS_1d20210521, 0.000
CCS_1d20210522, 0.000
CCS_1d20210523, 4.000
CCS_1d20210524, 46.000
CCS_1d20210525, 0.000
CCS_1d20210526, 0.000
CCS_1d20210527, 0.000
CCS_1d20210528, 0.000
CCS_1d20210529, 0.000
CCS_1d20210530, 20.000
CCS_1d20210531, 6.000
CCS_1d20210601, 56.000
CCS_1d20210602, 0.000
CCS_1d20210603, 0.000
CCS_1d20210604, 0.000
CCS_1d20210605, 14.000
CCS_1d20210606, 23.000
CCS_1d20210607, 20.000
CCS_1d20210608, 1.000
CCS_1d20210609, 19.000
CCS_1d20210610, 12.000
CCS_1d20210611, 18.000
CCS_1d20210612, 17.000
CCS_1d20210613, 21.000
CCS_1d20210614, 3.000
CCS_1d20210615, 3.000
CCS_1d20210616, 0.000
CCS_1d20210617, 6.000
CCS_1d20210618, 8.000
CCS_1d20210619, 4.000
CCS_1d20210620, 2.000
CCS_1d20210621, 2.000
CCS_1d20210622, 10.000
CCS_1d20210623, 12.000
CCS_1d20210624, 2.000
CCS_1d20210625, 1.000
CCS_1d20210626, 0.000
CCS_1d20210627, 0.000
CCS_1d20210628, 3.000
CCS_1d20210629, 4.000
CCS_1d20210630, 122.000
CCS_1d20210701, 1.000
CCS_1d20210702, 3.000
CCS_1d20210703, 0.000
CCS_1d20210704, 3.000
CCS_1d20210705, 0.000
CCS_1d20210706, 0.000
CCS_1d20210707, 13.000
CCS_1d20210708, 0.000
CCS_1d20210709, 18.000
CCS_1d20210710, 2.000
CCS_1d20210711, 1.000
CCS_1d20210712, 5.000
CCS_1d20210713, 3.000
CCS_1d20210714, 1.000
CCS_1d20210715, 0.000
CCS_1d20210716, 3.000
CCS_1d20210717, 1.000
CCS_1d20210718, 11.000
CCS_1d20210719, 7.000
CCS_1d20210720, 1.000
CCS_1d20210721, 4.000
CCS_1d20210722, 21.000
CCS_1d20210723, 4.000
CCS_1d20210724, 1.000
CCS_1d20210725, 1.000
CCS_1d20210726, 11.000
CCS_1d20210727, 51.000
CCS_1d20210728, 0.000
CCS_1d20210729, 17.000
CCS_1d20210730, 1.000
CCS_1d20210731, 0.000
CCS_1d20210801, 6.000
CCS_1d20210802, 17.000
CCS_1d20210803, 11.000
CCS_1d20210804, 3.000
CCS_1d20210805, 36.000
CCS_1d20210806, 14.000
CCS_1d20210807, 0.000
CCS_1d20210808, 1.000
CCS_1d20210809, 0.000
CCS_1d20210810, 1.000
CCS_1d20210811, 7.000
CCS_1d20210812, 3.000
CCS_1d20210813, 5.000
CCS_1d20210814, 7.000
CCS_1d20210815, 3.000
CCS_1d20210816, 32.000
CCS_1d20210817, 0.000
CCS_1d20210818, 0.000
CCS_1d20210819, 0.000
CCS_1d20210820, 1.000
CCS_1d20210821, 0.000
CCS_1d20210822, 11.000
CCS_1d20210823, 8.000
CCS_1d20210824, 23.000
CCS_1d20210825, 7.000
CCS_1d20210826, 22.000
CCS_1d20210827, 0.000
CCS_1d20210828, 0.000
CCS_1d20210829, 6.000
CCS_1d20210830, 1.000
CCS_1d20210831, 15.000
CCS_1d20210901, 19.000
CCS_1d20210902, 1.000
CCS_1d20210903, 0.000
CCS_1d20210904, 17.000
CCS_1d20210905, 46.000
CCS_1d20210906, 10.000
CCS_1d20210907, 3.000
CCS_1d20210908, 0.000
CCS_1d20210909, 5.000
CCS_1d20210910, 7.000
CCS_1d20210911, 1.000
CCS_1d20210912, 2.000
CCS_1d20210913, 0.000
CCS_1d20210914, 1.000
CCS_1d20210915, 13.000
CCS_1d20210916, 3.000
CCS_1d20210917, 27.000
CCS_1d20210918, 2.000
CCS_1d20210919, 0.000
CCS_1d20210920, 0.000
CCS_1d20210921, 0.000
CCS_1d20210922, 0.000
CCS_1d20210923, 0.000
CCS_1d20210924, 2.000
CCS_1d20210925, 28.000
CCS_1d20210926, 5.000
CCS_1d20210927, 21.000
CCS_1d20210928, 24.000
CCS_1d20210929, 0.000
CCS_1d20210930, 0.000
CCS_1d20211001, 0.000
CCS_1d20211002, 0.000
CCS_1d20211003, 4.000
CCS_1d20211004, 1.000
CCS_1d20211005, 1.000
CCS_1d20211006, 50.000
CCS_1d20211007, 1.000
CCS_1d20211008, 0.000
CCS_1d20211009, 0.000
CCS_1d20211010, 0.000
CCS_1d20211011, 0.000
CCS_1d20211012, 8.000
CCS_1d20211013, 23.000
CCS_1d20211014, 0.000
CCS_1d20211015, 7.000
CCS_1d20211016, 9.000
CCS_1d20211017, 0.000
CCS_1d20211018, 0.000
CCS_1d20211019, 0.000
CCS_1d20211020, 18.000
CCS_1d20211021, 0.000
CCS_1d20211022, 0.000
CCS_1d20211023, 0.000
CCS_1d20211024, 0.000
CCS_1d20211025, 0.000
CCS_1d20211026, 0.000
CCS_1d20211027, 0.000
CCS_1d20211028, 0.000
CCS_1d20211029, 0.000
CCS_1d20211030, 0.000
CCS_1d20211031, 0.000
CCS_1d20211101, 0.000
CCS_1d20211102, 0.000
CCS_1d20211103, 0.000
CCS_1d20211104, 0.000
CCS_1d20211105, 0.000
CCS_1d20211106, 0.000
CCS_1d20211107, 0.000
CCS_1d20211108, 0.000
CCS_1d20211109, 0.000
CCS_1d20211110, 0.000
CCS_1d20211111, 0.000
CCS_1d20211112, 0.000
CCS_1d20211113, 0.000
CCS_1d20211114, 0.000
CCS_1d20211115, 0.000
CCS_1d20211116, 0.000
CCS_1d20211117, 0.000
CCS_1d20211118, 0.000
CCS_1d20211119, 0.000
CCS_1d20211120, 0.000
CCS_1d20211121, 0.000
CCS_1d20211122, 0.000
CCS_1d20211123, 0.000
CCS_1d20211124, 0.000
CCS_1d20211125, 0.000
CCS_1d20211126, 0.000
CCS_1d20211127, 0.000
CCS_1d20211128, 0.000
CCS_1d20211129, 0.000
CCS_1d20211130, 0.000
CCS_1d20211201, 0.000
CCS_1d20211202, 0.000
CCS_1d20211203, 1.000
CCS_1d20211204, 4.000
CCS_1d20211205, 0.000
CCS_1d20211206, 11.000
CCS_1d20211207, 0.000
CCS_1d20211208, 0.000
CCS_1d20211209, 6.000
CCS_1d20211210, 0.000
CCS_1d20211211, 0.000
CCS_1d20211212, 0.000
CCS_1d20211213, 0.000
CCS_1d20211214, 0.000
CCS_1d20211215, 0.000
CCS_1d20211216, 0.000
CCS_1d20211217, 0.000
CCS_1d20211218, 0.000
CCS_1d20211219, 0.000
CCS_1d20211220, 0.000
CCS_1d20211221, 0.000
CCS_1d20211222, 0.000
CCS_1d20211223, 0.000
CCS_1d20211224, 0.000
CCS_1d20211225, 0.000
CCS_1d20211226, 0.000
CCS_1d20211227, 0.000
CCS_1d20211228, 0.000
CCS_1d20211229, 0.000
CCS_1d20211230, 0.000
CCS_1d20211231, 0.000
CCS_1d20220101, 0.000
CCS_1d20220102, 0.000
CCS_1d20220103, 0.000
CCS_1d20220104, 0.000
CCS_1d20220105, 1.000
CCS_1d20220106, 0.000
CCS_1d20220107, 0.000
CCS_1d20220108, 0.000
CCS_1d20220109, 0.000
CCS_1d20220110, 0.000
CCS_1d20220111, 0.000
CCS_1d20220112, 13.000
CCS_1d20220113, 0.000
CCS_1d20220114, 0.000
CCS_1d20220115, 2.000
CCS_1d20220116, 0.000
CCS_1d20220117, 0.000
CCS_1d20220118, 0.000
CCS_1d20220119, 0.000
CCS_1d20220120, 0.000
CCS_1d20220121, 0.000
CCS_1d20220122, 0.000
CCS_1d20220123, 0.000
CCS_1d20220124, 0.000
CCS_1d20220125, 0.000
CCS_1d20220126, 0.000
CCS_1d20220127, 0.000
CCS_1d20220128, 0.000
CCS_1d20220129, 0.000
CCS_1d20220130, 0.000
CCS_1d20220131, 0.000
CCS_1d20220201, 0.000
CCS_1d20220202, 0.000
CCS_1d20220203, 0.000
CCS_1d20220204, 0.000
CCS_1d20220205, 0.000
CCS_1d20220206, 0.000
CCS_1d20220207, 0.000
CCS_1d20220208, 0.000
CCS_1d20220209, 0.000
CCS_1d20220210, 0.000
CCS_1d20220211, 0.000
CCS_1d20220212, 0.000
CCS_1d20220213, 0.000
CCS_1d20220214, 0.000
CCS_1d20220215, 0.000
CCS_1d20220216, 0.000
CCS_1d20220217, 0.000
CCS_1d20220218, 0.000
CCS_1d20220219, 0.000
CCS_1d20220220, 0.000
CCS_1d20220221, 0.000
CCS_1d20220222, 0.000
CCS_1d20220223, 0.000
CCS_1d20220224, 1.000
CCS_1d20220225, 0.000
CCS_1d20220226, 0.000
CCS_1d20220227, 0.000
CCS_1d20220228, 0.000
CCS_1d20220301, 0.000
CCS_1d20220302, 0.000
CCS_1d20220303, 0.000
CCS_1d20220304, 0.000
CCS_1d20220305, 0.000
CCS_1d20220306, 0.000
CCS_1d20220307, 0.000
CCS_1d20220308, 0.000
CCS_1d20220309, 0.000
CCS_1d20220310, 0.000
CCS_1d20220311, 0.000
CCS_1d20220312, 0.000
CCS_1d20220313, 0.000
CCS_1d20220314, 0.000
CCS_1d20220315, 0.000
CCS_1d20220316, 0.000
CCS_1d20220317, 0.000
CCS_1d20220318, 0.000
CCS_1d20220319, 0.000
CCS_1d20220320, 0.000
CCS_1d20220321, 0.000
CCS_1d20220322, 0.000
CCS_1d20220323, 0.000
CCS_1d20220324, 0.000
CCS_1d20220325, 0.000
CCS_1d20220326, 0.000
CCS_1d20220327, 0.000
CCS_1d20220328, 0.000
CCS_1d20220329, 0.000
CCS_1d20220330, 0.000
CCS_1d20220331, 0.000
CCS_1d20220401, 0.000
CCS_1d20220402, 0.000
CCS_1d20220403, 2.000
CCS_1d20220404, 0.000
CCS_1d20220405, 0.000
CCS_1d20220406, 0.000
CCS_1d20220407, 0.000
CCS_1d20220408, 0.000
CCS_1d20220409, 0.000
CCS_1d20220410, 5.000
CCS_1d20220411, 0.000
CCS_1d20220412, 0.000
CCS_1d20220413, 0.000
CCS_1d20220414, 1.000
CCS_1d20220415, 0.000
CCS_1d20220416, 0.000
CCS_1d20220417, 0.000
CCS_1d20220418, 0.000
CCS_1d20220419, 3.000
CCS_1d20220420, 9.000
CCS_1d20220421, 0.000
CCS_1d20220422, 20.000
CCS_1d20220423, 0.000
CCS_1d20220424, 0.000
CCS_1d20220425, 0.000
CCS_1d20220426, 0.000
CCS_1d20220427, 0.000
CCS_1d20220428, 0.000
CCS_1d20220429, 2.000
CCS_1d20220430, 0.000
CCS_1d20220501, 0.000
CCS_1d20220502, 0.000
CCS_1d20220503, 1.000
CCS_1d20220504, 0.000
CCS_1d20220505, 0.000
CCS_1d20220506, 0.000
CCS_1d20220507, 0.000
CCS_1d20220508, 0.000
CCS_1d20220509, 0.000
CCS_1d20220510, 3.000
CCS_1d20220511, 16.000
CCS_1d20220512, 6.000
CCS_1d20220513, 0.000
CCS_1d20220514, 0.000
CCS_1d20220515, 0.000
CCS_1d20220516, 0.000
CCS_1d20220517, 0.000
CCS_1d20220518, 0.000
CCS_1d20220519, 6.000
CCS_1d20220520, 7.000
CCS_1d20220521, 3.000
CCS_1d20220522, 0.000
CCS_1d20220523, 0.000
CCS_1d20220524, 0.000
CCS_1d20220525, 0.000
CCS_1d20220526, 0.000
CCS_1d20220527, 0.000
CCS_1d20220528, 0.000
CCS_1d20220529, 0.000
CCS_1d20220530, 0.000
CCS_1d20220531, 1.000
CCS_1d20220601, 23.000
CCS_1d20220602, 14.000
CCS_1d20220603, 1.000
CCS_1d20220604, 3.000
CCS_1d20220605, 0.000
CCS_1d20220606, 0.000
CCS_1d20220607, 92.000
CCS_1d20220608, 0.000
CCS_1d20220609, 65.000
CCS_1d20220610, 0.000
CCS_1d20220611, 0.000
CCS_1d20220612, 0.000
CCS_1d20220613, 49.000
CCS_1d20220614, 0.000
CCS_1d20220615, 3.000
CCS_1d20220616, 17.000
CCS_1d20220617, 102.000
CCS_1d20220618, 15.000
CCS_1d20220619, 8.000
CCS_1d20220620, 1.000
CCS_1d20220621, 0.000
CCS_1d20220622, 1.000
CCS_1d20220623, 0.000
CCS_1d20220624, 0.000
CCS_1d20220625, 0.000
CCS_1d20220626, 0.000
CCS_1d20220627, 1.000
CCS_1d20220628, 5.000
CCS_1d20220629, 72.000
CCS_1d20220630, 14.000
CCS_1d20220701, 1.000
CCS_1d20220702, 0.000
CCS_1d20220703, 1.000
CCS_1d20220704, 1.000
CCS_1d20220705, 7.000
CCS_1d20220706, 5.000
CCS_1d20220707, 0.000
CCS_1d20220708, 2.000
CCS_1d20220709, 9.000
CCS_1d20220710, 2.000
CCS_1d20220711, 0.000
CCS_1d20220712, 3.000
CCS_1d20220713, 6.000
CCS_1d20220714, 19.000
CCS_1d20220715, 0.000
CCS_1d20220716, 1.000
CCS_1d20220717, 0.000
CCS_1d20220718, 0.000
CCS_1d20220719, 0.000
CCS_1d20220720, 2.000
CCS_1d20220721, 3.000
CCS_1d20220722, 9.000
CCS_1d20220723, 38.000
CCS_1d20220724, 12.000
CCS_1d20220725, 8.000
CCS_1d20220726, 2.000
CCS_1d20220727, 0.000
CCS_1d20220728, 1.000
CCS_1d20220729, 1.000
CCS_1d20220730, 4.000
CCS_1d20220731, 10.000
CCS_1d20220801, 32.000
CCS_1d20220802, 7.000
CCS_1d20220803, 21.000
CCS_1d20220804, 9.000
CCS_1d20220805, 23.000
CCS_1d20220806, 14.000
CCS_1d20220807, 3.000
CCS_1d20220808, 1.000
CCS_1d20220809, 0.000
CCS_1d20220810, 1.000
CCS_1d20220811, 0.000
CCS_1d20220812, 8.000
CCS_1d20220813, 1.000
CCS_1d20220814, 1.000
CCS_1d20220815, 0.000
CCS_1d20220816, 0.000
CCS_1d20220817, 2.000
CCS_1d20220818, 7.000
CCS_1d20220819, 9.000
CCS_1d20220820, 0.000
CCS_1d20220821, 0.000
CCS_1d20220822, 24.000
CCS_1d20220823, 1.000
CCS_1d20220824, 0.000
CCS_1d20220825, 0.000
CCS_1d20220826, 1.000
CCS_1d20220827, 0.000
CCS_1d20220828, 0.000
CCS_1d20220829, 0.000
CCS_1d20220830, 0.000
CCS_1d20220831, 1.000
CCS_1d20220901, 2.000
CCS_1d20220902, 15.000
CCS_1d20220903, 2.000
CCS_1d20220904, 14.000
CCS_1d20220905, 32.000
CCS_1d20220906, 19.000
CCS_1d20220907, 14.000
CCS_1d20220908, 1.000
CCS_1d20220909, 8.000
CCS_1d20220910, 1.000
CCS_1d20220911, 3.000
CCS_1d20220912, 13.000
CCS_1d20220913, 4.000
CCS_1d20220914, 26.000
CCS_1d20220915, 1.000
CCS_1d20220916, 9.000
CCS_1d20220917, 0.000
CCS_1d20220918, 9.000
CCS_1d20220919, 0.000
CCS_1d20220920, 0.000
CCS_1d20220921, 0.000
CCS_1d20220922, 0.000
CCS_1d20220923, 3.000
CCS_1d20220924, 1.000
CCS_1d20220925, 4.000
CCS_1d20220926, 1.000
CCS_1d20220927, 3.000
CCS_1d20220928, 1.000
CCS_1d20220929, 10.000
CCS_1d20220930, 0.000
CCS_1d20221001, 43.000
CCS_1d20221002, 53.000
CCS_1d20221003, 1.000
CCS_1d20221004, 9.000
CCS_1d20221005, 0.000
CCS_1d20221006, 0.000
CCS_1d20221007, 0.000
CCS_1d20221008, 34.000
CCS_1d20221009, 35.000
CCS_1d20221010, 0.000
CCS_1d20221011, 0.000
CCS_1d20221012, 7.000
CCS_1d20221013, 0.000
CCS_1d20221014, 0.000
CCS_1d20221015, 0.000
CCS_1d20221016, 0.000
CCS_1d20221017, 0.000
CCS_1d20221018, 0.000
CCS_1d20221019, 0.000
CCS_1d20221020, 0.000
CCS_1d20221021, 0.000
CCS_1d20221022, 0.000
CCS_1d20221023, 1.000
CCS_1d20221024, 100.000
CCS_1d20221025, 0.000
CCS_1d20221026, 0.000
CCS_1d20221027, 0.000
CCS_1d20221028, 0.000
CCS_1d20221029, 0.000
CCS_1d20221030, 0.000
CCS_1d20221031, 0.000
CCS_1d20221101, 0.000
CCS_1d20221102, 0.000
CCS_1d20221103, 0.000
CCS_1d20221104, 0.000
CCS_1d20221105, 0.000
CCS_1d20221106, 0.000
CCS_1d20221107, 0.000
CCS_1d20221108, 0.000
CCS_1d20221109, 0.000
CCS_1d20221110, 0.000
CCS_1d20221111, 0.000
CCS_1d20221112, 0.000
CCS_1d20221113, 0.000
CCS_1d20221114, 0.000
CCS_1d20221115, 0.000
CCS_1d20221116, 0.000
CCS_1d20221117, 0.000
CCS_1d20221118, 0.000
CCS_1d20221119, 0.000
CCS_1d20221120, 0.000
CCS_1d20221121, 0.000
CCS_1d20221122, 0.000
CCS_1d20221123, 0.000
CCS_1d20221124, 0.000
CCS_1d20221125, 0.000
CCS_1d20221126, 0.000
CCS_1d20221127, 0.000
CCS_1d20221128, 0.000
CCS_1d20221129, 0.000
CCS_1d20221130, 0.000
CCS_1d20221201, 0.000
CCS_1d20221202, 0.000
CCS_1d20221203, 0.000
CCS_1d20221204, 0.000
CCS_1d20221205, 0.000
CCS_1d20221206, 0.000
CCS_1d20221207, 0.000
CCS_1d20221208, 0.000
CCS_1d20221209, 0.000
CCS_1d20221210, 0.000
CCS_1d20221211, 0.000
CCS_1d20221212, 0.000
CCS_1d20221213, 0.000
CCS_1d20221214, 0.000
CCS_1d20221215, 0.000
CCS_1d20221216, 0.000
CCS_1d20221217, 0.000
CCS_1d20221218, 0.000
CCS_1d20221219, 0.000
CCS_1d20221220, 0.000
CCS_1d20221221, 0.000
CCS_1d20221222, 0.000
CCS_1d20221223, 0.000
CCS_1d20221224, 0.000
CCS_1d20221225, 0.000
CCS_1d20221226, 0.000
CCS_1d20221227, 0.000
CCS_1d20221228, 0.000
CCS_1d20221229, 0.000
CCS_1d20221230, 0.000
CCS_1d20221231, 0.000
CCS_1d20230101, 0.000
CCS_1d20230102, 0.000
CCS_1d20230103, 0.000
CCS_1d20230104, 0.000
CCS_1d20230105, 0.000
CCS_1d20230106, 0.000
CCS_1d20230107, 0.000
CCS_1d20230108, 0.000
CCS_1d20230109, 0.000
CCS_1d20230110, 0.000
CCS_1d20230111, 0.000
CCS_1d20230112, 0.000
CCS_1d20230113, 0.000
CCS_1d20230114, 0.000
CCS_1d20230115, 0.000
CCS_1d20230116, 0.000
CCS_1d20230117, 0.000
CCS_1d20230118, 0.000
CCS_1d20230119, 0.000
CCS_1d20230120, 0.000
CCS_1d20230121, 0.000
CCS_1d20230122, 0.000
CCS_1d20230123, 0.000
CCS_1d20230124, 0.000
CCS_1d20230125, 0.000
CCS_1d20230126, 0.000
CCS_1d20230127, 0.000
CCS_1d20230128, 0.000
CCS_1d20230129, 0.000
CCS_1d20230130, 0.000
CCS_1d20230131, 0.000
CCS_1d20230201, 0.000
CCS_1d20230202, 0.000
CCS_1d20230203, 0.000
CCS_1d20230204, 0.000
CCS_1d20230205, 0.000
CCS_1d20230206, 0.000
CCS_1d20230207, 0.000
CCS_1d20230208, 0.000
CCS_1d20230209, 0.000
CCS_1d20230210, 0.000
CCS_1d20230211, 0.000
CCS_1d20230212, 0.000
CCS_1d20230213, 0.000
CCS_1d20230214, 0.000
CCS_1d20230215, 0.000
CCS_1d20230216, 0.000
CCS_1d20230217, 0.000
CCS_1d20230218, 0.000
CCS_1d20230219, 0.000
CCS_1d20230220, 0.000
CCS_1d20230221, 0.000
CCS_1d20230222, 0.000
CCS_1d20230223, 0.000
CCS_1d20230224, 0.000
CCS_1d20230225, 0.000
CCS_1d20230226, 0.000
CCS_1d20230227, 0.000
CCS_1d20230228, 0.000
CCS_1d20230301, 0.000
CCS_1d20230302, 0.000
CCS_1d20230303, 0.000
CCS_1d20230304, 0.000
CCS_1d20230305, 0.000
CCS_1d20230306, 0.000
CCS_1d20230307, 0.000
CCS_1d20230308, 0.000
CCS_1d20230309, 1.000
CCS_1d20230310, 0.000
CCS_1d20230311, 0.000
CCS_1d20230312, 0.000
CCS_1d20230313, 0.000
CCS_1d20230314, 0.000
CCS_1d20230315, 3.000
CCS_1d20230316, 1.000
CCS_1d20230317, 0.000
CCS_1d20230318, 0.000
CCS_1d20230319, 10.000
CCS_1d20230320, 0.000
CCS_1d20230321, 0.000
CCS_1d20230322, 0.000
CCS_1d20230323, 0.000
CCS_1d20230324, 0.000
CCS_1d20230325, 0.000
CCS_1d20230326, 0.000
CCS_1d20230327, 0.000
CCS_1d20230328, 0.000
CCS_1d20230329, 0.000
CCS_1d20230330, 7.000
CCS_1d20230331, 0.000
CCS_1d20230401, 0.000
CCS_1d20230402, 0.000
CCS_1d20230403, 0.000
CCS_1d20230404, 0.000
CCS_1d20230405, 0.000
CCS_1d20230406, 0.000
CCS_1d20230407, 0.000
CCS_1d20230408, 0.000
CCS_1d20230409, 0.000
CCS_1d20230410, 0.000
CCS_1d20230411, 0.000
CCS_1d20230412, 0.000
CCS_1d20230413, 0.000
CCS_1d20230414, 0.000
CCS_1d20230415, 0.000
CCS_1d20230416, 0.000
CCS_1d20230417, 0.000
CCS_1d20230418, 0.000
CCS_1d20230419, 0.000
CCS_1d20230420, 0.000
CCS_1d20230421, 5.000
CCS_1d20230422, 0.000
CCS_1d20230423, 0.000
CCS_1d20230424, 0.000
CCS_1d20230425, 0.000
CCS_1d20230426, 0.000
CCS_1d20230427, 1.000
CCS_1d20230428, 0.000
CCS_1d20230429, 6.000
CCS_1d20230430, 0.000
CCS_1d20230501, 1.000
CCS_1d20230502, 0.000
CCS_1d20230503, 0.000
CCS_1d20230504, 0.000
CCS_1d20230505, 0.000
CCS_1d20230506, 0.000
CCS_1d20230507, 0.000
CCS_1d20230508, 0.000
CCS_1d20230509, 0.000
CCS_1d20230510, 1.000
CCS_1d20230511, 1.000
CCS_1d20230512, 40.000
CCS_1d20230513, 20.000
CCS_1d20230514, 0.000
CCS_1d20230515, 1.000
CCS_1d20230516, 0.000
CCS_1d20230517, 0.000
CCS_1d20230518, 0.000
CCS_1d20230519, 0.000
CCS_1d20230520, 0.000
CCS_1d20230521, 1.000
CCS_1d20230522, 0.000
CCS_1d20230523, 2.000
CCS_1d20230524, 0.000
CCS_1d20230525, 0.000
CCS_1d20230526, 1.000
CCS_1d20230527, 1.000
CCS_1d20230528, 0.000
CCS_1d20230529, 0.000
CCS_1d20230530, 0.000
CCS_1d20230531, 1.000
CCS_1d20230601, 0.000
CCS_1d20230602, 0.000
CCS_1d20230603, 0.000
CCS_1d20230604, 0.000
CCS_1d20230605, 0.000
CCS_1d20230606, 0.000
CCS_1d20230607, 0.000
CCS_1d20230608, 28.000
CCS_1d20230609, 23.000
CCS_1d20230610, 1.000
CCS_1d20230611, 1.000
CCS_1d20230612, 19.000
CCS_1d20230613, 0.000
CCS_1d20230614, 0.000
CCS_1d20230615, 44.000
CCS_1d20230616, 48.000
CCS_1d20230617, 19.000
CCS_1d20230618, 41.000
CCS_1d20230619, 10.000
CCS_1d20230620, 13.000
CCS_1d20230621, 12.000
CCS_1d20230622, 0.000
CCS_1d20230623, 0.000
CCS_1d20230624, 0.000
CCS_1d20230625, 0.000
CCS_1d20230626, 0.000
CCS_1d20230627, 2.000
CCS_1d20230628, 18.000
CCS_1d20230629, 19.000
CCS_1d20230630, 35.000
CCS_1d20230701, 55.000
CCS_1d20230702, 18.000
CCS_1d20230703, 1.000
CCS_1d20230704, 11.000
CCS_1d20230705, 1.000
CCS_1d20230706, 1.000
CCS_1d20230707, 0.000
CCS_1d20230708, 0.000
CCS_1d20230709, 0.000
CCS_1d20230710, 1.000
CCS_1d20230711, 0.000
CCS_1d20230712, 0.000
CCS_1d20230713, 1.000
CCS_1d20230714, 0.000
CCS_1d20230715, 0.000
CCS_1d20230716, 1.000
CCS_1d20230717, 0.000
CCS_1d20230718, 1.000
CCS_1d20230719, 0.000
CCS_1d20230720, 1.000
CCS_1d20230721, 29.000
CCS_1d20230722, 9.000
CCS_1d20230723, 2.000
CCS_1d20230724, 3.000
CCS_1d20230725, 0.000
CCS_1d20230726, 2.000
CCS_1d20230727, 1.000
CCS_1d20230728, 0.000
CCS_1d20230729, 0.000
CCS_1d20230730, 5.000
CCS_1d20230731, 28.000
CCS_1d20230801, 6.000
CCS_1d20230802, 0.000
CCS_1d20230803, 1.000
CCS_1d20230804, 0.000
CCS_1d20230805, 1.000
CCS_1d20230806, 58.000
CCS_1d20230807, 87.000
CCS_1d20230808, 4.000
CCS_1d20230809, 0.000
CCS_1d20230810, 0.000
CCS_1d20230811, 0.000
CCS_1d20230812, 10.000
CCS_1d20230813, 5.000
CCS_1d20230814, 0.000
CCS_1d20230815, 12.000
CCS_1d20230816, 0.000
CCS_1d20230817, 0.000
CCS_1d20230818, 0.000
CCS_1d20230819, 0.000
CCS_1d20230820, 0.000
CCS_1d20230821, 5.000
CCS_1d20230822, 6.000
CCS_1d20230823, 0.000
CCS_1d20230824, 8.000
CCS_1d20230825, 25.000
CCS_1d20230826, 0.000
CCS_1d20230827, 1.000
CCS_1d20230828, 1.000
CCS_1d20230829, 0.000
CCS_1d20230830, 1.000
CCS_1d20230831, 1.000
CCS_1d20230901, 6.000
CCS_1d20230902, 24.000
CCS_1d20230903, 16.000
CCS_1d20230904, 8.000
CCS_1d20230905, 0.000
CCS_1d20230906, 15.000
CCS_1d20230907, 38.000
CCS_1d20230908, 8.000
CCS_1d20230909, 0.000
CCS_1d20230910, 4.000
CCS_1d20230911, 10.000
CCS_1d20230912, 13.000
CCS_1d20230913, 1.000
CCS_1d20230914, 3.000
CCS_1d20230915, 0.000
CCS_1d20230916, 0.000
CCS_1d20230917, 36.000
CCS_1d20230918, 0.000
CCS_1d20230919, 0.000
CCS_1d20230920, 1.000
CCS_1d20230921, 53.000
CCS_1d20230922, 0.000
CCS_1d20230923, 295.000
CCS_1d20230924, 3.000
CCS_1d20230925, 0.000
CCS_1d20230926, 0.000
CCS_1d20230927, 2.000
CCS_1d20230928, 1.000
CCS_1d20230929, 23.000
CCS_1d20230930, 0.000
CCS_1d20231001, 0.000
CCS_1d20231002, 0.000
CCS_1d20231003, 1.000
CCS_1d20231004, 1.000
CCS_1d20231005, 122.000
CCS_1d20231006, 61.000
CCS_1d20231007, 0.000
CCS_1d20231008, 0.000
CCS_1d20231009, 0.000
CCS_1d20231010, 0.000
CCS_1d20231011, 0.000
CCS_1d20231012, 1.000
CCS_1d20231013, 0.000
CCS_1d20231014, 0.000
CCS_1d20231015, 0.000
CCS_1d20231016, 0.000
CCS_1d20231017, 0.000
CCS_1d20231018, 0.000
CCS_1d20231019, 0.000
CCS_1d20231020, 0.000
CCS_1d20231021, 0.000
CCS_1d20231022, 1.000
CCS_1d20231023, 1.000
CCS_1d20231024, 2.000
CCS_1d20231025, 0.000
CCS_1d20231026, 0.000
CCS_1d20231027, 0.000
CCS_1d20231028, 0.000
CCS_1d20231029, 0.000
CCS_1d20231030, 0.000
CCS_1d20231031, 0.000
CCS_1d20231101, 0.000
CCS_1d20231102, 0.000
CCS_1d20231103, 0.000
CCS_1d20231104, 0.000
CCS_1d20231105, 0.000
CCS_1d20231106, 0.000
CCS_1d20231107, 0.000
CCS_1d20231108, 0.000
CCS_1d20231109, 0.000
CCS_1d20231110, 0.000
CCS_1d20231111, 0.000
CCS_1d20231112, 0.000
CCS_1d20231113, 0.000
CCS_1d20231114, 0.000
CCS_1d20231115, 2.000
CCS_1d20231116, 5.000
CCS_1d20231117, 8.000
CCS_1d20231118, 0.000
CCS_1d20231119, 0.000
CCS_1d20231120, 0.000
CCS_1d20231121, 0.000
CCS_1d20231122, 0.000
CCS_1d20231123, 0.000
CCS_1d20231124, 0.000
CCS_1d20231125, 0.000
CCS_1d20231126, 0.000
CCS_1d20231127, 8.000
CCS_1d20231128, 0.000
CCS_1d20231129, 0.000
CCS_1d20231130, 0.000
CCS_1d20231201, 0.000
CCS_1d20231202, 3.000
CCS_1d20231203, 1.000
CCS_1d20231204, 1.000
CCS_1d20231205, 0.000
CCS_1d20231206, 0.000
CCS_1d20231207, 0.000
CCS_1d20231208, 0.000
CCS_1d20231209, 0.000
CCS_1d20231210, 0.000
CCS_1d20231211, 0.000
CCS_1d20231212, 0.000
CCS_1d20231213, 0.000
CCS_1d20231214, 0.000
CCS_1d20231215, 0.000
CCS_1d20231216, 0.000
CCS_1d20231217, 0.000
CCS_1d20231218, 0.000
CCS_1d20231219, 0.000
CCS_1d20231220, 0.000
CCS_1d20231221, 0.000
CCS_1d20231222, 0.000
CCS_1d20231223, 0.000
CCS_1d20231224, 0.000
CCS_1d20231225, 0.000
CCS_1d20231226, 0.000
CCS_1d20231227, 0.000
CCS_1d20231228, 0.000
CCS_1d20231229, 0.000
CCS_1d20231230, 0.000
CCS_1d20231231, 0.000
CCS_1d20240101, 0.000
CCS_1d20240102, 0.000
CCS_1d20240103, 0.000
CCS_1d20240104, 0.000
CCS_1d20240105, 0.000
CCS_1d20240106, 0.000
CCS_1d20240107, 0.000
CCS_1d20240108, 0.000
CCS_1d20240109, 0.000
CCS_1d20240110, 0.000
CCS_1d20240111, 0.000
CCS_1d20240112, 0.000
CCS_1d20240113, 0.000
CCS_1d20240114, 0.000
CCS_1d20240115, 0.000
CCS_1d20240116, 0.000
CCS_1d20240117, 0.000
CCS_1d20240118, 0.000
CCS_1d20240119, 0.000
CCS_1d20240120, 0.000
CCS_1d20240121, 0.000
CCS_1d20240122, 0.000
CCS_1d20240123, 0.000
CCS_1d20240124, 0.000
CCS_1d20240125, 0.000
CCS_1d20240126, 0.000
CCS_1d20240127, 0.000
CCS_1d20240128, 0.000
CCS_1d20240129, 0.000
CCS_1d20240130, 0.000
CCS_1d20240131, 0.000
CCS_1d20240201, 0.000
CCS_1d20240202, 0.000
CCS_1d20240203, 0.000
CCS_1d20240204, 0.000
CCS_1d20240205, 0.000
CCS_1d20240206, 0.000
CCS_1d20240207, 0.000
CCS_1d20240208, 0.000
CCS_1d20240209, 0.000
CCS_1d20240210, 0.000
CCS_1d20240211, 0.000
CCS_1d20240212, 0.000
CCS_1d20240213, 0.000
CCS_1d20240214, 1.000
CCS_1d20240215, 0.000
CCS_1d20240216, 0.000
CCS_1d20240217, 0.000
CCS_1d20240218, 0.000
CCS_1d20240219, 0.000
CCS_1d20240220, 0.000
CCS_1d20240221, 0.000
CCS_1d20240222, 0.000
CCS_1d20240223, 0.000
CCS_1d20240224, 0.000
CCS_1d20240225, 0.000
CCS_1d20240226, 1.000
CCS_1d20240227, 0.000
CCS_1d20240228, 0.000
CCS_1d20240229, 0.000
CCS_1d20240301, 0.000
CCS_1d20240302, 0.000
CCS_1d20240303, 0.000
CCS_1d20240304, 0.000
CCS_1d20240305, 0.000
CCS_1d20240306, 0.000
CCS_1d20240309, 0.000
CCS_1d20240310, 0.000
CCS_1d20240311, 0.000
CCS_1d20240312, 0.000
CCS_1d20240313, 0.000
CCS_1d20240314, 0.000
CCS_1d20240315, 0.000
CCS_1d20240316, 0.000
CCS_1d20240317, 0.000
CCS_1d20240318, 1.000
CCS_1d20240319, 1.000
CCS_1d20240320, 2.000
CCS_1d20240321, 1.000
CCS_1d20240322, 0.000
CCS_1d20240323, 1.000
CCS_1d20240324, 1.000
CCS_1d20240325, 0.000
CCS_1d20240326, 0.000
CCS_1d20240327, 2.000
CCS_1d20240328, 0.000
CCS_1d20240329, 1.000
CCS_1d20240330, 0.000
CCS_1d20240331, 1.000
CCS_1d20240401, 0.000
CCS_1d20240402, 0.000
CCS_1d20240403, 0.000
CCS_1d20240404, 0.000
CCS_1d20240405, 0.000
CCS_1d20240406, 0.000
CCS_1d20240407, 2.000
CCS_1d20240408, 0.000
CCS_1d20240409, 0.000
CCS_1d20240410, 0.000
CCS_1d20240411, 1.000
CCS_1d20240412, 0.000
CCS_1d20240413, 0.000
CCS_1d20240421, 0.000
CCS_1d20240422, -99.000
CCS_1d20240423, 0.000
CCS_1d20240424, 0.000
CCS_1d20240425, 0.000
CCS_1d20240426, 0.000
CCS_1d20240427, 0.000
CCS_1d20240428, 0.000
CCS_1d20240429, 0.000
CCS_1d20240430, 0.000
CCS_1d20240501, 0.000
CCS_1d20240502, 2.000
CCS_1d20240503, 0.000
CCS_1d20240504, 4.000
CCS_1d20240505, 0.000
CCS_1d20240506, 1.000
CCS_1d20240507, 1.000
CCS_1d20240508, 1.000
CCS_1d20240509, 0.000
CCS_1d20240510, 0.000
CCS_1d20240511, 0.000
CCS_1d20240512, 0.000
CCS_1d20240513, 0.000
CCS_1d20240514, 0.000
CCS_1d20240515, 0.000
CCS_1d20240516, 0.000
CCS_1d20240517, 0.000
CCS_1d20240518, 0.000
CCS_1d20240519, 0.000
CCS_1d20240520, 0.000
CCS_1d20240521, 0.000
CCS_1d20240522, 0.000
CCS_1d20240523, 0.000
CCS_1d20240524, 0.000
CCS_1d20240525, 0.000
CCS_1d20240526, 1.000
CCS_1d20240527, 16.000
CCS_1d20240528, 0.000
CCS_1d20240529, 0.000
CCS_1d20240530, 0.000
CCS_1d20240531, 0.000
CCS_1d20240601, 0.000
CCS_1d20240602, 0.000
CCS_1d20240603, 0.000
CCS_1d20240604, 5.000
CCS_1d20240605, 0.000
CCS_1d20240606, 0.000
CCS_1d20240607, 32.000
CCS_1d20240608, 0.000
CCS_1d20240609, 1.000
CCS_1d20240610, 18.000
CCS_1d20240611, 0.000
CCS_1d20240612, 1.000
CCS_1d20240613, 65.000
CCS_1d20240614, 1.000
CCS_1d20240615, 8.000
CCS_1d20240616, 28.000
CCS_1d20240617, 84.000
CCS_1d20240618, 85.000
CCS_1d20240619, 3.000
CCS_1d20240620, 1.000
CCS_1d20240621, 0.000
CCS_1d20240622, 0.000
CCS_1d20240623, 2.000
CCS_1d20240624, 0.000
CCS_1d20240625, 1.000
CCS_1d20240626, 5.000
CCS_1d20240627, 10.000
CCS_1d20240628, 6.000
CCS_1d20240629, 3.000
CCS_1d20240630, 33.000
CCS_1d20240701, 57.000
CCS_1d20240702, 40.000
CCS_1d20240703, 0.000
CCS_1d20240704, 1.000
CCS_1d20240705, 0.000
CCS_1d20240706, 0.000
CCS_1d20240707, 7.000
CCS_1d20240708, 0.000
CCS_1d20240709, 0.000
CCS_1d20240710, 0.000
CCS_1d20240711, 0.000
CCS_1d20240712, 6.000
CCS_1d20240713, 0.000
CCS_1d20240714, 4.000
CCS_1d20240715, 37.000
CCS_1d20240716, 7.000
CCS_1d20240717, 5.000
CCS_1d20240718, 17.000
CCS_1d20240719, 10.000
CCS_1d20240720, 0.000
CCS_1d20240721, 0.000
CCS_1d20240722, 0.000
CCS_1d20240723, 0.000
CCS_1d20240724, 0.000
CCS_1d20240725, 15.000
CCS_1d20240726, 1.000
CCS_1d20240727, 0.000
CCS_1d20240728, 1.000
CCS_1d20240729, 2.000
CCS_1d20240730, 0.000
CCS_1d20240731, 0.000
CCS_1d20240801, 3.000
CCS_1d20240802, 1.000
CCS_1d20240803, 40.000
CCS_1d20240804, 0.000
CCS_1d20240805, 3.000
CCS_1d20240806, 3.000
CCS_1d20240807, 0.000
CCS_1d20240808, 0.000
CCS_1d20240809, 0.000
CCS_1d20240810, 0.000
CCS_1d20240811, 9.000
CCS_1d20240812, 5.000
CCS_1d20240813, 8.000
CCS_1d20240814, 13.000
CCS_1d20240815, 0.000
CCS_1d20240816, 1.000
CCS_1d20240817, 5.000
CCS_1d20240818, 0.000
CCS_1d20240819, 2.000
CCS_1d20240820, 2.000
CCS_1d20240821, 94.000
CCS_1d20240822, 14.000
CCS_1d20240823, 0.000
CCS_1d20240824, 15.000
CCS_1d20240825, 1.000
CCS_1d20240826, 0.000
CCS_1d20240827, 0.000
CCS_1d20240828, 0.000
CCS_1d20240829, 14.000
CCS_1d20240830, 0.000
CCS_1d20240831, 5.000
CCS_1d20240901, 3.000
CCS_1d20240902, 8.000
CCS_1d20240903, 16.000
CCS_1d20240904, 5.000
CCS_1d20240905, 2.000
CCS_1d20240906, 1.000
CCS_1d20240907, 34.000
CCS_1d20240908, 0.000
CCS_1d20240909, 0.000
CCS_1d20240910, 0.000
CCS_1d20240911, 32.000
CCS_1d20240912, 0.000
CCS_1d20240913, 1.000
CCS_1d20240914, 38.000
CCS_1d20240915, 44.000
CCS_1d20240916, 2.000
CCS_1d20240917, 1.000
CCS_1d20240918, 0.000
CCS_1d20240919, 8.000
CCS_1d20240920, 0.000
CCS_1d20240921, 5.000
CCS_1d20240922, 0.000
CCS_1d20240923, 55.000
CCS_1d20240924, 9.000
CCS_1d20240925, 11.000
CCS_1d20240926, 54.000
CCS_1d20240927, 9.000
CCS_1d20240928, 0.000
CCS_1d20240929, 28.000
CCS_1d20240930, 6.000
CCS_1d20241001, 19.000
CCS_1d20241002, 40.000
CCS_1d20241003, 1.000
CCS_1d20241004, 10.000
CCS_1d20241005, 1.000
CCS_1d20241006, 0.000
CCS_1d20241007, 1.000
CCS_1d20241008, 0.000
CCS_1d20241009, 1.000
CCS_1d20241010, 1.000
CCS_1d20241011, 5.000
CCS_1d20241012, 0.000
CCS_1d20241013, 0.000
CCS_1d20241014, 0.000
CCS_1d20241015, 0.000
CCS_1d20241016, 0.000
CCS_1d20241017, 0.000
CCS_1d20241018, 1.000
CCS_1d20241019, 0.000
CCS_1d20241020, 0.000
CCS_1d20241021, 0.000
CCS_1d20241022, 0.000
CCS_1d20241023, 1.000
CCS_1d20241024, 1.000
CCS_1d20241025, 0.000
CCS_1d20241026, 0.000
CCS_1d20241027, 0.000
CCS_1d20241028, 0.000
CCS_1d20241029, 0.000
CCS_1d20241030, 0.000
CCS_1d20241031, 0.000
CCS_1d20241101, 0.000
CCS_1d20241102, 0.000
CCS_1d20241103, 0.000
CCS_1d20241104, 0.000
CCS_1d20241105, 1.000
CCS_1d20241106, 0.000
CCS_1d20241107, 0.000
CCS_1d20241108, 0.000
CCS_1d20241109, 0.000
CCS_1d20241110, 0.000
CCS_1d20241111, 0.000
CCS_1d20241112, 0.000
CCS_1d20241113, 0.000
CCS_1d20241114, 0.000
CCS_1d20241115, 0.000
CCS_1d20241116, 0.000
CCS_1d20241117, 0.000
CCS_1d20241118, 0.000
CCS_1d20241119, 0.000
CCS_1d20241120, 0.000
CCS_1d20241121, 0.000
CCS_1d20241122, 0.000
CCS_1d20241123, 0.000
CCS_1d20241124, 0.000
CCS_1d20241125, 0.000
CCS_1d20241126, 0.000
CCS_1d20241127, 0.000
CCS_1d20241128, 0.000
CCS_1d20241129, 0.000
CCS_1d20241130, 0.000
CCS_1d20241201, 0.000
CCS_1d20241202, 0.000
CCS_1d20241203, 0.000
CCS_1d20241204, 0.000
CCS_1d20241205, 0.000
CCS_1d20241206, 0.000
CCS_1d20241207, 0.000
CCS_1d20241208, 0.000
CCS_1d20241209, 0.000
CCS_1d20241210, 0.000
CCS_1d20241211, 0.000
CCS_1d20241212, 0.000
CCS_1d20241213, 0.000
CCS_1d20241214, 0.000
CCS_1d20241215, 0.000
CCS_1d20241216, 0.000
CCS_1d20241217, 0.000
CCS_1d20241218, 0.000
CCS_1d20241219, 1.000
CCS_1d20241220, 1.000
CCS_1d20241221, 0.000
CCS_1d20241222, 0.000
CCS_1d20241223, 0.000
CCS_1d20241224, 0.000
CCS_1d20241225, 0.000
CCS_1d20241226, 0.000
CCS_1d20241227, 0.000
CCS_1d20241228, 0.000
CCS_1d20241229, 0.000
CCS_1d20241230, 0.000
CCS_1d20241231, 0.000
